"Station","Wavelet","Level","Data"
"VIC","dBN",1,-0.0816894531251304
"VIC","dBN",1,0.293188476562847
"VIC","dBN",1,-0.135864257812717
"VIC","dBN",1,-0.723364257812844
"VIC","dBN",1,1.11635742187561
"VIC","dBN",1,-0.265649414062672
"VIC","dBN",1,-0.601342773437753
"VIC","dBN",1,0.679882812500091
"VIC","dBN",1,-0.515454101562323
"VIC","dBN",1,0.838500976562852
"VIC","dBN",1,-1.92661132812664
"VIC","dBN",1,1.46337890625159
"VIC","dBN",1,3.1228515625012
"VIC","dBN",1,-6.99777832031589
"VIC","dBN",1,3.92070312500145
"VIC","dBN",1,1.2128906250016
"VIC","dBN",1,-1.31589355468893
"VIC","dBN",1,-0.55815429687528
"VIC","dBN",1,-0.247998046874771
"VIC","dBN",1,1.75791015625077
"VIC","dBN",1,-1.14096679687563
"VIC","dBN",1,-0.481347656250317
"VIC","dBN",1,1.10461425781321
"VIC","dBN",1,-0.727050781250396
"VIC","dBN",1,0.234228515625032
"VIC","dBN",1,0.103198242187631
"VIC","dBN",1,-0.432128906250217
"VIC","dBN",1,0.582250976562718
"VIC","dBN",1,-0.419970703125068
"VIC","dBN",1,0.145654296874891
"VIC","dBN",1,-0.0356445312499378
"VIC","dBN",1,0.318164062500219
"VIC","dBN",1,-0.278295898437687
"VIC","dBN",1,-0.636450195312843
"VIC","dBN",1,0.924804687500451
"VIC","dBN",1,0.0512207031252058
"VIC","dBN",1,-0.491162109375551
"VIC","dBN",1,-0.298291015624978
"VIC","dBN",1,1.07404785156307
"VIC","dBN",1,-0.777148437500409
"VIC","dBN",1,-0.27006835937523
"VIC","dBN",1,0.638525390625409
"VIC","dBN",1,-0.122143554687561
"VIC","dBN",1,0.00854492187496956
"VIC","dBN",1,-0.317187500000174
"VIC","dBN",1,-0.00578613281245838
"VIC","dBN",1,0.635668945312804
"VIC","dBN",1,-0.535961914062772
"VIC","dBN",1,0.0270996093749844
"VIC","dBN",1,0.140258789062623
"VIC","dBN",1,-0.193530273437613
"VIC","dBN",1,0.307617187500116
"VIC","dBN",1,-0.19465332031253
"VIC","dBN",1,-0.00949707031258875
"VIC","dBN",1,0.00722656250006938
"VIC","dBN",1,0.121508789062556
"VIC","dBN",1,-0.161816406250113
"VIC","dBN",1,0.0129882812499972
"VIC","dBN",1,0.228759765625201
"VIC","dBN",1,-0.252856445312694
"VIC","dBN",1,-0.235717773437662
"VIC","dBN",1,0.643725585937901
"VIC","dBN",1,-0.0846191406250654
"VIC","dBN",1,-0.565722656250322
"VIC","dBN",1,0.307910156250195
"VIC","dBN",1,0.0177734375000575
"VIC","dBN",1,0.00275878906239588
"VIC","dBN",1,0.0425781250000908
"VIC","dBN",1,0.0179199218749793
"VIC","dBN",1,-0.210400390625102
"VIC","dBN",1,0.2198242187501
"VIC","dBN",1,-0.00190429687495106
"VIC","dBN",1,-0.124609375000113
"VIC","dBN",1,-0.0887451171875118
"VIC","dBN",1,0.196972656250062
"VIC","dBN",1,0.0136718750000446
"VIC","dBN",1,0.0398437499999861
"VIC","dBN",1,-0.269506835937607
"VIC","dBN",1,0.100585937500021
"VIC","dBN",1,0.131494140625117
"VIC","dBN",1,-7.32421875576112e-05
"VIC","dBN",1,-0.166162109375029
"VIC","dBN",1,0.0459472656249955
"VIC","dBN",1,-0.00788574218764138
"VIC","dBN",1,0.387255859375502
"VIC","dBN",1,0.0199951171872486
"VIC","dBN",1,-1.66862792968818
"VIC","dBN",1,1.98225097656332
"VIC","dBN",1,-0.384350585937427
"VIC","dBN",1,-0.23471679687539
"VIC","dBN",1,-0.331542968750067
"VIC","dBN",1,-0.0331298828124405
"VIC","dBN",1,0.878442382812832
"VIC","dBN",1,-0.658520507812737
"VIC","dBN",1,0.0981445312499695
"VIC","dBN",1,-0.272656250000065
"VIC","dBN",1,0.135083007812481
"VIC","dBN",1,0.671435546875411
"VIC","dBN",1,-0.484057617187718
"VIC","dBN",1,-0.525561523437943
"VIC","dBN",1,0.415966796875441
"VIC","dBN",1,0.621362304687703
"VIC","dBN",1,-0.99692382812549
"VIC","dBN",1,0.529882812500169
"VIC","dBN",1,-0.0440185546872955
"VIC","dBN",1,-0.0229492187502646
"VIC","dBN",1,-0.188793945312388
"VIC","dBN",1,0.407714843750056
"VIC","dBN",1,-0.591796875000194
"VIC","dBN",1,0.640844726562738
"VIC","dBN",1,-0.330932617187594
"VIC","dBN",1,-0.116748046875114
"VIC","dBN",1,0.314477539062677
"VIC","dBN",1,-0.294311523437633
"VIC","dBN",1,0.251953125000132
"VIC","dBN",1,-0.189379882812628
"VIC","dBN",1,-0.153027343750077
"VIC","dBN",1,0.657202148437839
"VIC","dBN",1,-0.513183593750192
"VIC","dBN",1,-0.175683593750192
"VIC","dBN",1,0.1575927734376
"VIC","dBN",1,0.367700195312747
"VIC","dBN",1,0.0653564453125162
"VIC","dBN",1,-0.946704101562966
"VIC","dBN",1,0.400537109374978
"VIC","dBN",1,0.767285156250782
"VIC","dBN",1,0.13422851562481
"VIC","dBN",1,-2.05458984375098
"VIC","dBN",1,1.42692871093815
"VIC","dBN",1,0.590527343750502
"VIC","dBN",1,-0.472802734375473
"VIC","dBN",1,-0.40859375000007
"VIC","dBN",1,-0.246997070312671
"VIC","dBN",1,0.415673828125252
"VIC","dBN",1,0.771337890625381
"VIC","dBN",1,-0.864599609375539
"VIC","dBN",1,-0.127856445312461
"VIC","dBN",1,0.516333007812766
"VIC","dBN",1,-0.683398437500333
"VIC","dBN",1,0.757934570312777
"VIC","dBN",1,-0.214062499999973
"VIC","dBN",1,-0.192260742187751
"VIC","dBN",1,0.113623046875191
"VIC","dBN",1,-0.018408203125039
"VIC","dBN",1,-0.192968750000136
"VIC","dBN",1,0.320800781250188
"VIC","dBN",1,0.00869140625001709
"VIC","dBN",1,-0.27490234375019
"VIC","dBN",1,0.113305664062595
"VIC","dBN",1,0.123291015625068
"VIC","dBN",1,-0.147363281250075
"VIC","dBN",1,0.0398681640625018
"VIC","dBN",1,-0.0745117187500241
"VIC","dBN",1,0.156005859375061
"VIC","dBN",1,0.0506591796875479
"VIC","dBN",1,-0.211718750000089
"VIC","dBN",1,-0.0614990234375913
"VIC","dBN",1,0.104833984375111
"VIC","dBN",1,0.372875976562625
"VIC","dBN",1,-0.363867187500107
"VIC","dBN",1,-0.034643554687595
"VIC","dBN",1,-0.202563476562496
"VIC","dBN",1,0.398461914062574
"VIC","dBN",1,-0.023706054687381
"VIC","dBN",1,0.0688232421874008
"VIC","dBN",1,-0.506591796875196
"VIC","dBN",1,0.512744140625278
"VIC","dBN",1,-0.0860595703125212
"VIC","dBN",1,-0.378393554687774
"VIC","dBN",1,0.411059570312789
"VIC","dBN",1,-0.0184814453125741
"VIC","dBN",1,-0.248486328125078
"VIC","dBN",1,0.406787109375154
"VIC","dBN",1,-0.577905273437722
"VIC","dBN",1,0.441186523437645
"VIC","dBN",1,-0.114794921874898
"VIC","dBN",1,-0.173168945312892
"VIC","dBN",1,0.198364257812913
"VIC","dBN",1,0.62358398437515
"VIC","dBN",1,-1.57851562500075
"VIC","dBN",1,1.12419433593799
"VIC","dBN",1,0.185302734375319
"VIC","dBN",1,-0.646191406250568
"VIC","dBN",1,0.120239257812635
"VIC","dBN",1,0.284594726562697
"VIC","dBN",1,-0.0742675781250682
"VIC","dBN",1,-0.0923339843750868
"VIC","dBN",1,-0.145361328125016
"VIC","dBN",1,0.257031250000112
"VIC","dBN",1,-0.0958740234375609
"VIC","dBN",1,-0.00856933593747814
"VIC","dBN",1,0.0680664062499982
"VIC","dBN",1,-0.247265625000112
"VIC","dBN",1,0.401464843750219
"VIC","dBN",1,-0.1764160156251
"VIC","dBN",1,-0.280322265625134
"VIC","dBN",1,0.389282226562661
"VIC","dBN",1,-0.233862304687524
"VIC","dBN",1,0.215502929687489
"VIC","dBN",1,-0.26523437500008
"VIC","dBN",1,0.250048828125145
"VIC","dBN",1,-0.0199218750000223
"VIC","dBN",1,-0.410717773437738
"VIC","dBN",1,0.524731445312794
"VIC","dBN",1,-0.0822998046874994
"VIC","dBN",1,-0.348193359375269
"VIC","dBN",1,0.21757812500017
"VIC","dBN",1,0.131079101562584
"VIC","dBN",1,-0.186474609375153
"VIC","dBN",1,0.0885986328125339
"VIC","dBN",1,0.0559814453126659
"VIC","dBN",1,-0.153344726562762
"VIC","dBN",1,-0.248632812500012
"VIC","dBN",1,0.878613281250445
"VIC","dBN",1,-0.811132812500429
"VIC","dBN",1,-0.0217041015626272
"VIC","dBN",1,0.714892578125575
"VIC","dBN",1,-0.422851562500335
"VIC","dBN",1,-0.488110351562763
"VIC","dBN",1,0.688134765625381
"VIC","dBN",1,-0.119653320312528
"VIC","dBN",1,-0.0499023437500811
"VIC","dBN",1,-0.143359375000099
"VIC","dBN",1,-0.0702880859374303
"VIC","dBN",1,0.513110351562682
"VIC","dBN",1,-0.67849121093779
"VIC","dBN",1,0.402246093750077
"VIC","dBN",1,0.0671142578127344
"VIC","dBN",1,-0.0882324218752551
"VIC","dBN",1,-0.323950195312481
"VIC","dBN",1,0.522387695312621
"VIC","dBN",1,-0.565820312500135
"VIC","dBN",1,0.616503906250099
"VIC","dBN",1,-0.385131835937471
"VIC","dBN",1,0.236914062499942
"VIC","dBN",1,-0.428833007812569
"VIC","dBN",1,0.298266601562513
"VIC","dBN",1,0.0593017578126583
"VIC","dBN",1,0.0923828124999456
"VIC","dBN",1,-0.419311523437643
"VIC","dBN",1,0.279907226562518
"VIC","dBN",1,0.0365234375002622
"VIC","dBN",1,0.108544921874809
"VIC","dBN",1,-0.783691406250282
"VIC","dBN",1,1.15124511718802
"VIC","dBN",1,-0.436376953125081
"VIC","dBN",1,-0.462133789062921
"VIC","dBN",1,0.261621093750231
"VIC","dBN",1,0.27668457031269
"VIC","dBN",1,-0.0385498046876342
"VIC","dBN",1,-0.345971679687622
"VIC","dBN",1,0.275610351562658
"VIC","dBN",1,-0.152099609375086
"VIC","dBN",1,0.0219726562499686
"VIC","dBN",1,0.282470703125225
"VIC","dBN",1,-0.313476562500232
"VIC","dBN",1,-0.162036132812579
"VIC","dBN",1,0.555810546875317
"VIC","dBN",1,-0.319091796875111
"VIC","dBN",1,-0.204638671875252
"VIC","dBN",1,0.123315429687687
"VIC","dBN",1,0.458593750000188
"VIC","dBN",1,-0.453784179687725
"VIC","dBN",1,-0.0287353515625427
"VIC","dBN",1,0.10173339843762
"VIC","dBN",1,-0.0220703125000367
"VIC","dBN",1,0.0859374999999748
"VIC","dBN",1,0.00222167968759373
"VIC","dBN",1,0.0699462890624873
"VIC","dBN",1,-0.419848632812719
"VIC","dBN",1,0.35695800781271
"VIC","dBN",1,0.166308593750088
"VIC","dBN",1,-0.44396972656275
"VIC","dBN",1,0.260693359375112
"VIC","dBN",1,-0.0192138671874512
"VIC","dBN",1,0.00705566406249014
"VIC","dBN",1,-0.0782714843750785
"VIC","dBN",1,-0.106152343750067
"VIC","dBN",1,0.477465820312834
"VIC","dBN",1,-0.276635742187714
"VIC","dBN",1,-0.560668945312769
"VIC","dBN",1,0.806347656250383
"VIC","dBN",1,-0.220996093749994
"VIC","dBN",1,-0.0442382812502215
"VIC","dBN",1,-0.216918945312442
"VIC","dBN",1,0.315209960937604
"VIC","dBN",1,-0.249487304687651
"VIC","dBN",1,0.177514648437615
"VIC","dBN",1,0.191162109375088
"VIC","dBN",1,-0.520410156250269
"VIC","dBN",1,0.313574218750218
"VIC","dBN",1,-0.0581542968751076
"VIC","dBN",1,-0.192016601562584
"VIC","dBN",1,0.79907226562543
"VIC","dBN",1,-0.805590820312899
"VIC","dBN",1,-0.134765625000154
"VIC","dBN",1,0.597729492187971
"VIC","dBN",1,-0.284790039062739
"VIC","dBN",1,-0.11623535156271
"VIC","dBN",1,0.53632812500052
"VIC","dBN",1,-0.145263671875173
"VIC","dBN",1,-1.08454589843809
"VIC","dBN",1,1.02824707031309
"VIC","dBN",1,0.250805664062669
"VIC","dBN",1,-0.664916992188002
"VIC","dBN",1,0.335620117187754
"VIC","dBN",1,-0.0463378906249362
"VIC","dBN",1,-0.272534179687768
"VIC","dBN",1,0.219238281250213
"VIC","dBN",1,0.194799804687528
"VIC","dBN",1,-0.379980468750154
"VIC","dBN",1,0.382568359375136
"VIC","dBN",1,-0.342626953125063
"VIC","dBN",1,0.13376464843744
"VIC","dBN",1,-0.0119628906249098
"VIC","dBN",1,0.163232421875027
"VIC","dBN",1,-0.177001953125067
"VIC","dBN",1,-0.0302734375000189
"VIC","dBN",1,0.0565673828125412
"VIC","dBN",1,-0.0279296875000283
"VIC","dBN",1,0.13776855468753
"VIC","dBN",1,-0.0147705078124039
"VIC","dBN",1,-0.126562500000164
"VIC","dBN",1,-0.299438476562606
"VIC","dBN",1,0.64855957031283
"VIC","dBN",1,-0.220166015625106
"VIC","dBN",1,-0.270410156250197
"VIC","dBN",1,0.250292968750209
"VIC","dBN",1,-0.110839843750107
"VIC","dBN",1,0.00263671875001707
"VIC","dBN",1,0.258105468750144
"VIC","dBN",1,-0.454907226562749
"VIC","dBN",1,0.217358398437563
"VIC","dBN",1,0.271899414062746
"VIC","dBN",1,-0.271582031250198
"VIC","dBN",1,-0.270019531250171
"VIC","dBN",1,0.358569335937739
"VIC","dBN",1,0.14360351562512
"VIC","dBN",1,-0.358178710937861
"VIC","dBN",1,0.0137939453126656
"VIC","dBN",1,0.620361328125262
"VIC","dBN",1,-0.907153320312938
"VIC","dBN",1,0.416918945312673
"VIC","dBN",1,0.104663085937629
"VIC","dBN",1,-0.25449218750025
"VIC","dBN",1,0.444116210937824
"VIC","dBN",1,-0.256860351562657
"VIC","dBN",1,-0.496875000000262
"VIC","dBN",1,0.694946289062826
"VIC","dBN",1,-0.132250976562468
"VIC","dBN",1,-0.0131835937501385
"VIC","dBN",1,-0.294775390625079
"VIC","dBN",1,0.184790039062624
"VIC","dBN",1,0.142333984375017
"VIC","dBN",1,-0.284472656250093
"VIC","dBN",1,0.347924804687598
"VIC","dBN",1,-0.304858398437612
"VIC","dBN",1,0.293408203125158
"VIC","dBN",1,-0.0945556640625374
"VIC","dBN",1,-0.512207031250258
"VIC","dBN",1,0.571533203125229
"VIC","dBN",1,-0.034863281249895
"VIC","dBN",1,0.0341552734373655
"VIC","dBN",1,-0.340063476562603
"VIC","dBN",1,0.289355468750168
"VIC","dBN",1,0.109155273437357
"VIC","dBN",1,-0.208300781249489
"VIC","dBN",1,-0.625073242187874
"VIC","dBN",1,-1.21560058594049
"VIC","dBN",1,5.05617675781922
"VIC","dBN",1,3.51657714843617
"VIC","dBN",1,-22.3749511718853
"VIC","dBN",1,22.8995849609486
"VIC","dBN",1,-2.35019531249915
"VIC","dBN",1,-10.6336669921957
"VIC","dBN",1,7.34785156250447
"VIC","dBN",1,-2.60541992187432
"VIC","dBN",1,3.65314941406177
"VIC","dBN",1,-4.79941406250096
"VIC","dBN",1,2.79509277343843
"VIC","dBN",1,-0.382446289062171
"VIC","dBN",1,-2.19562988281453
"VIC","dBN",1,3.61472167969008
"VIC","dBN",1,0.0323974609374522
"VIC","dBN",1,-4.65268554687795
"VIC","dBN",1,3.38781738281493
"VIC","dBN",1,0.991772460937854
"VIC","dBN",1,-3.45732421875205
"VIC","dBN",1,3.64008789062678
"VIC","dBN",1,-1.64692382812522
"VIC","dBN",1,-0.457324218751061
"VIC","dBN",1,0.393481445313486
"VIC","dBN",1,0.255395507812214
"VIC","dBN",1,-1.05695800781292
"VIC","dBN",1,1.91923828125057
"VIC","dBN",1,-0.679174804687042
"VIC","dBN",1,-0.474584960938167
"VIC","dBN",1,-2.15817871093935
"VIC","dBN",1,3.64323730469092
"VIC","dBN",1,2.75053710937506
"VIC","dBN",1,-10.5645996093792
"VIC","dBN",1,9.12312011718997
"VIC","dBN",1,-2.50021972656014
"VIC","dBN",1,2.37822265624805
"VIC","dBN",1,-8.90473632812881
"VIC","dBN",1,9.58022460938083
"VIC","dBN",1,1.94621582031266
"VIC","dBN",1,-13.0008300781311
"VIC","dBN",1,11.4312255859421
"VIC","dBN",1,-5.5681640625006
"VIC","dBN",1,4.03649902343675
"VIC","dBN",1,-1.31572265624834
"VIC","dBN",1,-1.69672851562748
"VIC","dBN",1,-0.976123046873984
"VIC","dBN",1,3.82658691406288
"VIC","dBN",1,-3.78586425781268
"VIC","dBN",1,5.54902343750057
"VIC","dBN",1,-7.40305175781384
"VIC","dBN",1,6.50798339843849
"VIC","dBN",1,-5.10273437500011
"VIC","dBN",1,3.77263183593666
"VIC","dBN",1,-2.40983886718591
"VIC","dBN",1,3.02675781249917
"VIC","dBN",1,-6.13029785156403
"VIC","dBN",1,7.35659179687752
"VIC","dBN",1,-3.04531250000062
"VIC","dBN",1,-0.729199218750577
"VIC","dBN",1,0.437231445312143
"VIC","dBN",1,-3.57905273437513
"VIC","dBN",1,7.89111328125125
"VIC","dBN",1,-6.58349609375065
"VIC","dBN",1,7.48208007812668
"VIC","dBN",1,-10.1949462890659
"VIC","dBN",1,3.55646972656293
"VIC","dBN",1,4.29470214844056
"VIC","dBN",1,-2.82270507812679
"VIC","dBN",1,1.42917480468778
"VIC","dBN",1,-3.8964843750012
"VIC","dBN",1,2.1636718750007
"VIC","dBN",1,1.60173339843859
"VIC","dBN",1,-1.82397460937639
"VIC","dBN",1,1.29118652343832
"VIC","dBN",1,-0.516601562500041
"VIC","dBN",1,-1.77641601562576
"VIC","dBN",1,1.62268066406238
"VIC","dBN",1,-0.0468749999985971
"VIC","dBN",1,2.99426269531263
"VIC","dBN",1,-6.96318359375247
"VIC","dBN",1,5.30661621093913
"VIC","dBN",1,-1.29648437499915
"VIC","dBN",1,0.216796874998456
"VIC","dBN",1,-1.03039550781198
"VIC","dBN",1,1.90639648437564
"VIC","dBN",1,-2.17854003906337
"VIC","dBN",1,0.557128906249793
"VIC","dBN",1,1.07590332031358
"VIC","dBN",1,0.0779541015622925
"VIC","dBN",1,-1.63920898437597
"VIC","dBN",1,0.673242187500558
"VIC","dBN",1,1.20449218750044
"VIC","dBN",1,-1.17475585937526
"VIC","dBN",1,0.302343749999941
"VIC","dBN",1,-1.80612792968864
"VIC","dBN",1,2.72729492187653
"VIC","dBN",1,1.53437500000144
"VIC","dBN",1,-5.06838378906638
"VIC","dBN",1,0.440014648438588
"VIC","dBN",1,6.71794433594097
"VIC","dBN",1,-6.60786132812855
"VIC","dBN",1,1.07380371093749
"VIC","dBN",1,1.95930175781465
"VIC","dBN",1,-1.79980468750167
"VIC","dBN",1,0.710766601562657
"VIC","dBN",1,1.17041015625112
"VIC","dBN",1,-1.056811523438
"VIC","dBN",1,-1.54670410156404
"VIC","dBN",1,0.872729492188988
"VIC","dBN",1,3.57856445312589
"VIC","dBN",1,-5.11250000000191
"VIC","dBN",1,3.32043457031363
"VIC","dBN",1,-2.69909667968812
"VIC","dBN",1,1.04606933593695
"VIC","dBN",1,2.66237792968989
"VIC","dBN",1,-1.67573242187633
"VIC","dBN",1,-3.23471679687701
"VIC","dBN",1,3.46237792969003
"VIC","dBN",1,0.970996093750378
"VIC","dBN",1,-3.9561523437526
"VIC","dBN",1,2.81806640625164
"VIC","dBN",1,0.952636718751168
"VIC","dBN",1,-2.73984375000235
"VIC","dBN",1,0.14291992187542
"VIC","dBN",1,3.00554199218954
"VIC","dBN",1,-2.55886230468948
"VIC","dBN",1,-0.631103515625475
"VIC","dBN",1,3.47155761719049
"VIC","dBN",1,-2.85122070312796
"VIC","dBN",1,-2.53559570312529
"VIC","dBN",1,8.0767578125036
"VIC","dBN",1,-7.78212890625329
"VIC","dBN",1,3.1294189453127
"VIC","dBN",1,0.463061523439737
"VIC","dBN",1,-1.39863281250235
"VIC","dBN",1,-0.42348632812484
"VIC","dBN",1,3.73681640625254
"VIC","dBN",1,-2.91069335937724
"VIC","dBN",1,-2.47331542968867
"VIC","dBN",1,5.51884765625339
"VIC","dBN",1,-3.12736816406453
"VIC","dBN",1,-2.5097900390626
"VIC","dBN",1,4.20346679687338
"VIC","dBN",1,-2.695825195309
"VIC","dBN",1,13.4645507812539
"VIC","dBN",1,-27.6341064453261
"VIC","dBN",1,16.226416015633
"VIC","dBN",1,11.6918212890702
"VIC","dBN",1,-21.8816406250118
"VIC","dBN",1,9.88222656250184
"VIC","dBN",1,-3.12770996093329
"VIC","dBN",1,11.013159179687
"VIC","dBN",1,-11.6271484375012
"VIC","dBN",1,6.26291503906219
"VIC","dBN",1,-9.99533691406391
"VIC","dBN",1,9.16093750000133
"VIC","dBN",1,-1.20183105468579
"VIC","dBN",1,1.66879882812473
"VIC","dBN",1,-4.73061523437837
"VIC","dBN",1,0.384545898438876
"VIC","dBN",1,9.2643798828188
"VIC","dBN",1,-14.6810791015723
"VIC","dBN",1,0.354614257811835
"VIC","dBN",1,21.4436279297018
"VIC","dBN",1,-14.8422851562581
"VIC","dBN",1,-14.2344482422002
"VIC","dBN",1,20.3816406250153
"VIC","dBN",1,12.6839355468849
"VIC","dBN",1,-35.353979492213
"VIC","dBN",1,-2.7293212890613
"VIC","dBN",1,47.5780517578399
"VIC","dBN",1,-26.9729003906417
"VIC","dBN",1,-13.6266113281347
"VIC","dBN",1,18.6970214843901
"VIC","dBN",1,-9.29475097656849
"VIC","dBN",1,0.890820312498386
"VIC","dBN",1,5.7224365234411
"VIC","dBN",1,-4.58630371093877
"VIC","dBN",1,5.85334472656369
"VIC","dBN",1,-10.6950439453163
"VIC","dBN",1,6.87673339843991
"VIC","dBN",1,1.59699707031457
"VIC","dBN",1,-5.20520019531603
"VIC","dBN",1,3.23200683593835
"VIC","dBN",1,-0.123754882811024
"VIC","dBN",1,2.88452148437558
"VIC","dBN",1,-7.08598632812746
"VIC","dBN",1,0.885839843747947
"VIC","dBN",1,5.24284667969281
"VIC","dBN",1,5.26828613281453
"VIC","dBN",1,-15.9366943359467
"VIC","dBN",1,4.73903808593997
"VIC","dBN",1,12.239038085946
"VIC","dBN",1,-9.66533203125751
"VIC","dBN",1,-4.36586914062654
"VIC","dBN",1,9.67546386719271
"VIC","dBN",1,-6.26425781250233
"VIC","dBN",1,3.53718261718771
"VIC","dBN",1,-3.48156738281406
"VIC","dBN",1,2.02429199219037
"VIC","dBN",1,4.42631835937456
"VIC","dBN",1,-13.2921875000047
"VIC","dBN",1,17.1637451171949
"VIC","dBN",1,-11.151220703129
"VIC","dBN",1,-1.13117675781546
"VIC","dBN",1,8.24062500000621
"VIC","dBN",1,-5.19304199219111
"VIC","dBN",1,0.804541015625513
"VIC","dBN",1,0.731250000000877
"VIC","dBN",1,-5.07258300781582
"VIC","dBN",1,7.38635253906679
"VIC","dBN",1,0.149853515624567
"VIC","dBN",1,-6.82351074219013
"VIC","dBN",1,5.135571289064
"VIC","dBN",1,-5.93913574218921
"VIC","dBN",1,8.74443359375313
"VIC","dBN",1,-2.8862304687503
"VIC","dBN",1,-4.56264648437856
"VIC","dBN",1,3.60683593750263
"VIC","dBN",1,0.172753906250585
"VIC","dBN",1,-0.633447265626882
"VIC","dBN",1,-0.598999023435813
"VIC","dBN",1,2.53864746093637
"VIC","dBN",1,-6.25502929687494
"VIC","dBN",1,9.9210205078133
"VIC","dBN",1,-11.9500244140634
"VIC","dBN",1,13.6113525390633
"VIC","dBN",1,-14.0852050781261
"VIC","dBN",1,13.8109863281276
"VIC","dBN",1,-14.2283935546921
"VIC","dBN",1,7.98066406250171
"VIC","dBN",1,6.31621093750576
"VIC","dBN",1,-11.2340087890698
"VIC","dBN",1,0.907373046874859
"VIC","dBN",1,5.59506835937985
"VIC","dBN",1,0.165966796873709
"VIC","dBN",1,-4.45468750000242
"VIC","dBN",1,1.40766601562669
"VIC","dBN",1,0.765649414061628
"VIC","dBN",1,-0.910400390624028
"VIC","dBN",1,4.97509765625187
"VIC","dBN",1,-10.4475830078187
"VIC","dBN",1,7.05473632812996
"VIC","dBN",1,6.3191406250027
"VIC","dBN",1,-15.5221435546955
"VIC","dBN",1,11.3855224609427
"VIC","dBN",1,-2.56213378906182
"VIC","dBN",1,-2.50227050781657
"VIC","dBN",1,4.54985351562937
"VIC","dBN",1,-1.65808105468875
"VIC","dBN",1,-5.08496093750341
"VIC","dBN",1,5.85585937500399
"VIC","dBN",1,0.396948242187941
"VIC","dBN",1,-5.83796386719166
"VIC","dBN",1,4.34604492187668
"VIC","dBN",1,4.166625976567
"VIC","dBN",1,-3.36137695312849
"VIC","dBN",1,-10.4134277343798
"VIC","dBN",1,10.9011718750059
"VIC","dBN",1,1.85917968750101
"VIC","dBN",1,-4.66508789062861
"VIC","dBN",1,2.71091308593958
"VIC","dBN",1,-3.51416015625102
"VIC","dBN",1,0.0718505859365024
"VIC","dBN",1,2.49101562500197
"VIC","dBN",1,0.732958984375176
"VIC","dBN",1,-2.367846679689
"VIC","dBN",1,-0.265551757812617
"VIC","dBN",1,2.2670898437515
"VIC","dBN",1,-0.399975585937764
"VIC","dBN",1,-2.07114257812626
"VIC","dBN",1,0.69934082031281
"VIC","dBN",1,1.40031738281374
"VIC","dBN",1,0.00429687499941769
"VIC","dBN",1,-2.45703125000093
"VIC","dBN",1,2.3429199218757
"VIC","dBN",1,-0.390698242186883
"VIC","dBN",1,0.384985351562299
"VIC","dBN",1,-2.80722656250189
"VIC","dBN",1,2.34316406250166
"VIC","dBN",1,3.24099121093982
"VIC","dBN",1,-6.57805175781744
"VIC","dBN",1,0.84599609375166
"VIC","dBN",1,7.79587402344127
"VIC","dBN",1,-9.10043945313
"VIC","dBN",1,3.81176757812749
"VIC","dBN",1,1.30642089843687
"VIC","dBN",1,-5.3127929687504
"VIC","dBN",1,11.3633544921908
"VIC","dBN",1,-16.2023925781315
"VIC","dBN",1,11.9244140625052
"VIC","dBN",1,-0.441552734375335
"VIC","dBN",1,-8.79062500000321
"VIC","dBN",1,13.7536376953169
"VIC","dBN",1,-16.4050537109423
"VIC","dBN",1,14.0186035156284
"VIC","dBN",1,-6.60732421875014
"VIC","dBN",1,-0.0310791015647283
"VIC","dBN",1,3.08376464843969
"VIC","dBN",1,-4.12712402343877
"VIC","dBN",1,4.87773437500133
"VIC","dBN",1,-5.47819824218966
"VIC","dBN",1,3.37919921875148
"VIC","dBN",1,2.39631347656383
"VIC","dBN",1,-6.53623046875289
"VIC","dBN",1,4.8357421875009
"VIC","dBN",1,-2.09182128906126
"VIC","dBN",1,4.05139160156251
"VIC","dBN",1,-6.71313476562683
"VIC","dBN",1,3.76730957031274
"VIC","dBN",1,0.849658203126697
"VIC","dBN",1,0.705859375001203
"VIC","dBN",1,-4.31828613281783
"VIC","dBN",1,-2.91079101562291
"VIC","dBN",1,17.9464355468809
"VIC","dBN",1,-21.1020996093813
"VIC","dBN",1,11.0194091796856
"VIC","dBN",1,-7.57700195311857
"VIC","dBN",1,15.2784423828096
"VIC","dBN",1,-22.6051025390664
"VIC","dBN",1,28.5987060546986
"VIC","dBN",1,-27.459643554699
"VIC","dBN",1,2.28627929687159
"VIC","dBN",1,25.6992919922058
"VIC","dBN",1,-16.6364990234481
"VIC","dBN",1,-9.62480468750794
"VIC","dBN",1,11.1895263671995
"VIC","dBN",1,2.35886230468302
"VIC","dBN",1,-10.7995117187521
"VIC","dBN",1,20.2811035156329
"VIC","dBN",1,-25.9364501953234
"VIC","dBN",1,13.5386230468794
"VIC","dBN",1,5.27478027344321
"VIC","dBN",1,-12.2942871093839
"VIC","dBN",1,9.64724121094247
"VIC","dBN",1,-3.18327636718627
"VIC","dBN",1,-3.37824707031796
"VIC","dBN",1,1.15991210937825
"VIC","dBN",1,7.75236816406511
"VIC","dBN",1,-9.16237792969107
"VIC","dBN",1,2.76005859374994
"VIC","dBN",1,-1.49863281249966
"VIC","dBN",1,4.23273925781463
"VIC","dBN",1,0.481616210936869
"VIC","dBN",1,-7.75441894531546
"VIC","dBN",1,7.64270019531543
"VIC","dBN",1,-4.55490722656316
"VIC","dBN",1,2.44904785156186
"VIC","dBN",1,-0.664868164062241
"VIC","dBN",1,1.05087890625134
"VIC","dBN",1,0.238671874999241
"VIC","dBN",1,-6.95351562500346
"VIC","dBN",1,9.64677734375485
"VIC","dBN",1,-0.659838867186699
"VIC","dBN",1,-7.46926269531761
"VIC","dBN",1,2.07060546875053
"VIC","dBN",1,4.7602294921926
"VIC","dBN",1,1.39841308593543
"VIC","dBN",1,-11.8737304687547
"VIC","dBN",1,12.1907470703175
"VIC","dBN",1,-3.56787109374946
"VIC","dBN",1,-0.946728515627854
"VIC","dBN",1,-2.63212890625015
"VIC","dBN",1,2.91145019531373
"VIC","dBN",1,2.83986816406413
"VIC","dBN",1,-3.64101562500221
"VIC","dBN",1,-0.926586914063082
"VIC","dBN",1,2.32329101562681
"VIC","dBN",1,-0.575512695312631
"VIC","dBN",1,-1.08459472656467
"VIC","dBN",1,1.1602539062523
"VIC","dBN",1,4.01477050781446
"VIC","dBN",1,-10.1237060546941
"VIC","dBN",1,4.91748046875369
"VIC","dBN",1,8.91096191406718
"VIC","dBN",1,-13.3096679687575
"VIC","dBN",1,4.18864746094066
"VIC","dBN",1,2.40834960937397
"VIC","dBN",1,-3.59331054687404
"VIC","dBN",1,15.338159179694
"VIC","dBN",1,-27.8422607422015
"VIC","dBN",1,12.242016601567
"VIC","dBN",1,16.5914794922002
"VIC","dBN",1,-18.0180664062627
"VIC","dBN",1,-3.15100097656476
"VIC","dBN",1,11.6739746093841
"VIC","dBN",1,-1.92534179687763
"VIC","dBN",1,-5.23779296875331
"VIC","dBN",1,2.72973632812751
"VIC","dBN",1,-0.991088867188352
"VIC","dBN",1,1.44511718750001
"VIC","dBN",1,2.84970703125293
"VIC","dBN",1,-5.00085449219111
"VIC","dBN",1,-3.60476074218984
"VIC","dBN",1,10.1244140625069
"VIC","dBN",1,-1.85068359375225
"VIC","dBN",1,-9.60727539063006
"VIC","dBN",1,10.3358398437555
"VIC","dBN",1,-3.99072265625022
"VIC","dBN",1,-1.6093261718796
"VIC","dBN",1,1.77380371094138
"VIC","dBN",1,6.53027343750307
"VIC","dBN",1,-13.0428955078203
"VIC","dBN",1,3.39865722656421
"VIC","dBN",1,11.3308593750077
"VIC","dBN",1,-9.85478515625714
"VIC","dBN",1,-3.08986816406349
"VIC","dBN",1,9.17705078125468
"VIC","dBN",1,-6.28613281250213
"VIC","dBN",1,4.8034179687505
"VIC","dBN",1,-6.26945800781386
"VIC","dBN",1,3.13627929687541
"VIC","dBN",1,2.35437011718897
"VIC","dBN",1,-2.28464355468778
"VIC","dBN",1,0.874316406248863
"VIC","dBN",1,-5.34428710937677
"VIC","dBN",1,9.85529785156747
"VIC","dBN",1,-4.19650878906417
"VIC","dBN",1,-6.64145507812958
"VIC","dBN",1,6.94487304687942
"VIC","dBN",1,1.24667968750033
"VIC","dBN",1,-1.91428222656344
"VIC","dBN",1,-0.479541015624819
"VIC","dBN",1,-5.61967773437896
"VIC","dBN",1,6.87990722656727
"VIC","dBN",1,5.72114257812771
"VIC","dBN",1,-13.4974853515707
"VIC","dBN",1,5.64948730469205
"VIC","dBN",1,5.435058593751
"VIC","dBN",1,-9.93940429687697
"VIC","dBN",1,12.5225830078146
"VIC","dBN",1,-18.1636474609429
"VIC","dBN",1,18.7242919921944
"VIC","dBN",1,-7.10712890625239
"VIC","dBN",1,-6.09499511719029
"VIC","dBN",1,11.8954101562542
"VIC","dBN",1,-16.0183349609423
"VIC","dBN",1,17.7658935546923
"VIC","dBN",1,-10.7233642578141
"VIC","dBN",1,2.30061035156124
"VIC","dBN",1,0.622338867188087
"VIC","dBN",1,-4.57666015624993
"VIC","dBN",1,11.421142578126
"VIC","dBN",1,-15.1504638671882
"VIC","dBN",1,16.4454345703119
"VIC","dBN",1,-20.3422851562506
"VIC","dBN",1,25.6324707031294
"VIC","dBN",1,-26.2564208984441
"VIC","dBN",1,18.3024902343787
"VIC","dBN",1,-4.70905761718528
"VIC","dBN",1,-4.98254394531801
"VIC","dBN",1,6.13596191406663
"VIC","dBN",1,-4.89655761718953
"VIC","dBN",1,4.38771972656341
"VIC","dBN",1,-0.709008789060769
"VIC","dBN",1,-3.48403320312973
"VIC","dBN",1,0.442919921878388
"VIC","dBN",1,8.69907226562686
"VIC","dBN",1,-14.6008056640674
"VIC","dBN",1,12.3193847656274
"VIC","dBN",1,-7.07556152343564
"VIC","dBN",1,6.32646484374726
"VIC","dBN",1,-9.79819335937484
"VIC","dBN",1,12.4387451171899
"VIC","dBN",1,-12.0797851562526
"VIC","dBN",1,8.31635742187539
"VIC","dBN",1,-2.93757324218532
"VIC","dBN",1,2.0335937499986
"VIC","dBN",1,-5.21125488281402
"VIC","dBN",1,3.45815429687615
"VIC","dBN",1,2.5049804687518
"VIC","dBN",1,-2.91181640625144
"VIC","dBN",1,-0.827587890626683
"VIC","dBN",1,-0.209399414060556
"VIC","dBN",1,5.23481445312606
"VIC","dBN",1,-7.71721191406577
"VIC","dBN",1,6.07358398437776
"VIC","dBN",1,-1.50346679687524
"VIC","dBN",1,-3.7844970703149
"VIC","dBN",1,5.68215332031534
"VIC","dBN",1,-3.55004882812604
"VIC","dBN",1,1.25422363281193
"VIC","dBN",1,-0.518041992186714
"VIC","dBN",1,0.28908691406214
"VIC","dBN",1,-0.297485351562447
"VIC","dBN",1,0.142578124999719
"VIC","dBN",1,0.423901367188329
"VIC","dBN",1,0.170263671874545
"VIC","dBN",1,-2.30964355468876
"VIC","dBN",1,3.43950195312757
"VIC","dBN",1,-0.791650390626492
"VIC","dBN",1,-4.69482421875101
"VIC","dBN",1,7.53129882812661
"VIC","dBN",1,-6.46691894531282
"VIC","dBN",1,7.53037109375082
"VIC","dBN",1,-9.98193359375271
"VIC","dBN",1,6.79768066406475
"VIC","dBN",1,-0.821728515625334
"VIC","dBN",1,-2.86259765625085
"VIC","dBN",1,7.43879394531502
"VIC","dBN",1,-10.8856689453161
"VIC","dBN",1,7.68645019531418
"VIC","dBN",1,-2.86464843749905
"VIC","dBN",1,1.41249999999858
"VIC","dBN",1,-0.659497070311648
"VIC","dBN",1,0.143530273437297
"VIC","dBN",1,-0.547290039063012
"VIC","dBN",1,-0.108764648436951
"VIC","dBN",1,1.69921875000006
"VIC","dBN",1,-2.65200195312554
"VIC","dBN",1,3.07883300781342
"VIC","dBN",1,-3.23466796875122
"VIC","dBN",1,1.80822753906311
"VIC","dBN",1,1.34956054687572
"VIC","dBN",1,-2.71159667968836
"VIC","dBN",1,1.81914062499998
"VIC","dBN",1,-2.76923828125039
"VIC","dBN",1,4.44543457031399
"VIC","dBN",1,-2.85837402343825
"VIC","dBN",1,-0.453051757813759
"VIC","dBN",1,1.61057128906431
"VIC","dBN",1,0.332763671874974
"VIC","dBN",1,-2.46303710937703
"VIC","dBN",1,1.38925781250202
"VIC","dBN",1,2.36210937499992
"VIC","dBN",1,-5.86547851562697
"VIC","dBN",1,7.20732421875263
"VIC","dBN",1,-5.54514160156371
"VIC","dBN",1,1.53452148437356
"VIC","dBN",1,0.603442382814877
"VIC","dBN",1,1.97070312499982
"VIC","dBN",1,-4.60839843750222
"VIC","dBN",1,3.02434082031447
"VIC","dBN",1,0.592309570312578
"VIC","dBN",1,-3.73513183593956
"VIC","dBN",1,5.11994628906516
"VIC","dBN",1,-2.94284667968833
"VIC","dBN",1,-1.37646484375225
"VIC","dBN",1,2.58781738281552
"VIC","dBN",1,1.48295898437489
"VIC","dBN",1,-5.90661621094065
"VIC","dBN",1,4.87995605469046
"VIC","dBN",1,0.288208007812296
"VIC","dBN",1,-3.89946289062664
"VIC","dBN",1,4.98552246093944
"VIC","dBN",1,-5.55615234375183
"VIC","dBN",1,3.7037109375009
"VIC","dBN",1,-0.147680664062358
"VIC","dBN",1,-0.768554687499986
"VIC","dBN",1,2.60549316406328
"VIC","dBN",1,-7.05778808594023
"VIC","dBN",1,5.56677246093899
"VIC","dBN",1,0.140112304689294
"VIC","dBN",1,0.0457763671860194
"VIC","dBN",1,-3.39936523437639
"VIC","dBN",1,2.80981445312691
"VIC","dBN",1,1.20031738281287
"VIC","dBN",1,-4.38574218750206
"VIC","dBN",1,3.31789550781348
"VIC","dBN",1,-0.910693359374262
"VIC","dBN",1,1.6552490234371
"VIC","dBN",1,-2.67485351562576
"VIC","dBN",1,1.66123046875124
"VIC","dBN",1,-0.727612304688782
"VIC","dBN",1,-1.90981445312518
"VIC","dBN",1,6.79218750000286
"VIC","dBN",1,-7.20791015625292
"VIC","dBN",1,1.84160156249978
"VIC","dBN",1,1.45515136718952
"VIC","dBN",1,-0.220019531250859
"VIC","dBN",1,-0.561181640625059
"VIC","dBN",1,-0.579589843750671
"VIC","dBN",1,0.572998046875888
"VIC","dBN",1,2.00778808593824
"VIC","dBN",1,-4.19182128906461
"VIC","dBN",1,2.0641113281259
"VIC","dBN",1,1.61506347656345
"VIC","dBN",1,-1.48515625000061
"VIC","dBN",1,0.745312499999905
"VIC","dBN",1,-2.79309082031322
"VIC","dBN",1,2.91748046875093
"VIC","dBN",1,-0.598828124999987
"VIC","dBN",1,-0.0445312500002165
"VIC","dBN",1,0.430419921874912
"VIC","dBN",1,-1.62995605468739
"VIC","dBN",1,2.11208496093764
"VIC","dBN",1,-3.54294433593865
"VIC","dBN",1,4.4944335937517
"VIC","dBN",1,-1.48347167968765
"VIC","dBN",1,-1.43271484375154
"VIC","dBN",1,1.22978515625151
"VIC","dBN",1,-0.345263671875503
"VIC","dBN",1,-1.48173828125102
"VIC","dBN",1,2.99821777343939
"VIC","dBN",1,-0.818725585937971
"VIC","dBN",1,-2.43232421875167
"VIC","dBN",1,2.34162597656426
"VIC","dBN",1,0.292260742187356
"VIC","dBN",1,-2.13371582031339
"VIC","dBN",1,2.33093261718816
"VIC","dBN",1,-2.18762207031261
"VIC","dBN",1,2.2350830078124
"VIC","dBN",1,-2.53076171874997
"VIC","dBN",1,2.73852539062494
"VIC","dBN",1,-2.55061035156229
"VIC","dBN",1,3.02829589843757
"VIC","dBN",1,-3.77314453125056
"VIC","dBN",1,3.34497070312554
"VIC","dBN",1,-2.38759765625023
"VIC","dBN",1,1.41896972656264
"VIC","dBN",1,-0.574780273437869
"VIC","dBN",1,-0.10583496093731
"VIC","dBN",1,2.33964843750155
"VIC","dBN",1,-4.73027343750314
"VIC","dBN",1,1.30634765625065
"VIC","dBN",1,6.28234863281667
"VIC","dBN",1,-6.45639648437873
"VIC","dBN",1,-2.17768554687787
"VIC","dBN",1,6.13027343750678
"VIC","dBN",1,1.50793457031004
"VIC","dBN",1,-13.2630126953176
"VIC","dBN",1,17.1734863281319
"VIC","dBN",1,-9.14436035156307
"VIC","dBN",1,0.73862304686958
"VIC","dBN",1,-3.59575195312151
"VIC","dBN",1,11.6102783203151
"VIC","dBN",1,-13.2757324218799
"VIC","dBN",1,8.1688720703149
"VIC","dBN",1,-1.98774414062382
"VIC","dBN",1,-2.79575195312846
"VIC","dBN",1,4.28312988281549
"VIC","dBN",1,-0.505346679687017
"VIC","dBN",1,-2.83051757812799
"VIC","dBN",1,-0.425952148436361
"VIC","dBN",1,4.96652832031449
"VIC","dBN",1,-5.0138916015649
"VIC","dBN",1,2.56494140625044
"VIC","dBN",1,0.658984375001777
"VIC","dBN",1,-1.89782714843906
"VIC","dBN",1,-2.03657226562681
"VIC","dBN",1,3.90141601562768
"VIC","dBN",1,3.60385742187771
"VIC","dBN",1,-8.94216308594352
"VIC","dBN",1,-0.896459960938175
"VIC","dBN",1,11.9790527343833
"VIC","dBN",1,-5.32624511719248
"VIC","dBN",1,-8.5756347656292
"VIC","dBN",1,12.674414062508
"VIC","dBN",1,-7.9208984375044
"VIC","dBN",1,-2.19726562500314
"VIC","dBN",1,11.1481689453205
"VIC","dBN",1,-5.97485351562755
"VIC","dBN",1,-7.77192382813257
"VIC","dBN",1,6.39877929688167
"VIC","dBN",1,11.763549804693
"VIC","dBN",1,-18.8589843750103
"VIC","dBN",1,3.38505859374989
"VIC","dBN",1,10.7313720703221
"VIC","dBN",1,-3.22985839844139
"VIC","dBN",1,-12.0926513671946
"VIC","dBN",1,9.61347656250581
"VIC","dBN",1,6.40009765625467
"VIC","dBN",1,-8.87714843750655
"VIC","dBN",1,-3.66855468750176
"VIC","dBN",1,7.96904296875566
"VIC","dBN",1,0.154101562498865
"VIC","dBN",1,-5.56350097656478
"VIC","dBN",1,3.91909179687572
"VIC","dBN",1,-3.41018066406227
"VIC","dBN",1,7.12487792968957
"VIC","dBN",1,-7.77531738281549
"VIC","dBN",1,1.43354492187497
"VIC","dBN",1,3.64367675781491
"VIC","dBN",1,-2.71572265625155
"VIC","dBN",1,2.16342773437602
"VIC","dBN",1,-3.09309082031436
"VIC","dBN",1,0.316284179688514
"VIC","dBN",1,4.85832519531423
"VIC","dBN",1,-7.84147949219095
"VIC","dBN",1,6.51379394531447
"VIC","dBN",1,-1.16730957031069
"VIC","dBN",1,-1.89670410156557
"VIC","dBN",1,-2.70842285156336
"VIC","dBN",1,6.71760253906659
"VIC","dBN",1,-0.806933593750897
"VIC","dBN",1,-7.00644531250367
"VIC","dBN",1,5.45593261719024
"VIC","dBN",1,-0.321289062499713
"VIC","dBN",1,1.05312499999971
"VIC","dBN",1,-1.11674804687398
"VIC","dBN",1,-4.1065673828167
"VIC","dBN",1,1.0235839843773
"VIC","dBN",1,11.3791748046917
"VIC","dBN",1,-12.0357177734413
"VIC","dBN",1,2.0583984374987
"VIC","dBN",1,-3.88715820312687
"VIC","dBN",1,11.0454589843833
"VIC","dBN",1,1.42514648437381
"VIC","dBN",1,-25.1259521484525
"VIC","dBN",1,25.8129882812668
"VIC","dBN",1,3.89711914062665
"VIC","dBN",1,-30.4966796875183
"VIC","dBN",1,24.7778564453263
"VIC","dBN",1,-0.967773437497834
"VIC","dBN",1,-10.3639648437594
"VIC","dBN",1,7.21064453125587
"VIC","dBN",1,-3.96489257812642
"VIC","dBN",1,1.15837402343542
"VIC","dBN",1,4.53857421875611
"VIC","dBN",1,-3.31442871094241
"VIC","dBN",1,-10.1263183593791
"VIC","dBN",1,18.3294189453231
"VIC","dBN",1,-8.58769531250643
"VIC","dBN",1,-6.20119628906504
"VIC","dBN",1,16.4837402343849
"VIC","dBN",1,-20.8454101562616
"VIC","dBN",1,7.58085937500154
"VIC","dBN",1,15.48044433595
"VIC","dBN",1,-14.9272216796982
"VIC","dBN",1,-7.9309570312548
"VIC","dBN",1,15.2005126953229
"VIC","dBN",1,-0.267065429689057
"VIC","dBN",1,-7.78393554687868
"VIC","dBN",1,2.66293945312569
"VIC","dBN",1,-5.27712402343911
"VIC","dBN",1,13.7437011718798
"VIC","dBN",1,-5.34101562499737
"VIC","dBN",1,-9.25495605469918
"VIC","dBN",1,-5.43889160156178
"VIC","dBN",1,33.8969726562683
"VIC","dBN",1,-22.8109863281378
"VIC","dBN",1,-16.3750244140731
"VIC","dBN",1,25.7415039062663
"VIC","dBN",1,-5.73610839843958
"VIC","dBN",1,-4.36225585938157
"VIC","dBN",1,-0.852172851559989
"VIC","dBN",1,4.48708496093952
"VIC","dBN",1,-0.551635742187833
"VIC","dBN",1,-3.89633789062756
"VIC","dBN",1,1.39223632812618
"VIC","dBN",1,3.24050292968923
"VIC","dBN",1,-2.48024902343904
"VIC","dBN",1,0.0843261718747023
"VIC","dBN",1,0.299145507813645
"VIC","dBN",1,-0.545312500000825
"VIC","dBN",1,-1.35895996093853
"VIC","dBN",1,3.49875488281485
"VIC","dBN",1,0.390600585937461
"VIC","dBN",1,-5.13937988281517
"VIC","dBN",1,3.1569091796888
"VIC","dBN",1,0.948950195313911
"VIC","dBN",1,-0.186303710938296
"VIC","dBN",1,-2.77375488281391
"VIC","dBN",1,1.3466552734383
"VIC","dBN",1,2.40683593750165
"VIC","dBN",1,-2.3663818359394
"VIC","dBN",1,-0.945288085937816
"VIC","dBN",1,3.32551269531444
"VIC","dBN",1,-2.14323730468864
"VIC","dBN",1,-0.531689453125461
"VIC","dBN",1,0.81093750000077
"VIC","dBN",1,-0.669531250000699
"VIC","dBN",1,1.60634765625065
"VIC","dBN",1,0.595874023438382
"VIC","dBN",1,-2.63520507812639
"VIC","dBN",1,-2.34396972656379
"VIC","dBN",1,3.78854980468838
"VIC","dBN",1,3.94143066406611
"VIC","dBN",1,-0.627246093751295
"VIC","dBN",1,-12.1221435546932
"VIC","dBN",1,7.47299804687805
"VIC","dBN",1,4.93066406250413
"VIC","dBN",1,-1.28691406250246
"VIC","dBN",1,-5.85285644531477
"VIC","dBN",1,2.0643554687505
"VIC","dBN",1,2.04885253906525
"VIC","dBN",1,1.48300781249906
"VIC","dBN",1,-6.80466308594053
"VIC","dBN",1,6.93649902344112
"VIC","dBN",1,-1.14072265625021
"VIC","dBN",1,-4.26860351562784
"VIC","dBN",1,4.18916015625241
"VIC","dBN",1,-1.69882812500049
"VIC","dBN",1,0.544213867187216
"VIC","dBN",1,0.225317382812834
"VIC","dBN",1,-1.69479980468815
"VIC","dBN",1,2.31181640625064
"VIC","dBN",1,-1.58732910156255
"VIC","dBN",1,1.55761718749969
"VIC","dBN",1,-1.56906738281207
"VIC","dBN",1,1.20546875000019
"VIC","dBN",1,-3.32016601562725
"VIC","dBN",1,3.27937011718966
"VIC","dBN",1,4.4252929687523
"VIC","dBN",1,-8.44257812500449
"VIC","dBN",1,1.46071777343834
"VIC","dBN",1,2.81433105468923
"VIC","dBN",1,-1.03996582031371
"VIC","dBN",1,3.2695556640647
"VIC","dBN",1,-3.98168945312724
"VIC","dBN",1,-2.90622558593955
"VIC","dBN",1,7.36752929688006
"VIC","dBN",1,-2.12075195312659
"VIC","dBN",1,-6.40732421875394
"VIC","dBN",1,6.37014160156644
"VIC","dBN",1,0.579687500000068
"VIC","dBN",1,-2.20961914062636
"VIC","dBN",1,1.51855468750122
"VIC","dBN",1,-4.74626464844013
"VIC","dBN",1,2.76843261718903
"VIC","dBN",1,4.68247070312689
"VIC","dBN",1,-5.32050781250143
"VIC","dBN",1,1.94667968749879
"VIC","dBN",1,-4.9834716796878
"VIC","dBN",1,9.71767578125368
"VIC","dBN",1,-6.7316162109401
"VIC","dBN",1,-1.01621093750183
"VIC","dBN",1,4.56796875000362
"VIC","dBN",1,-2.06079101562618
"VIC","dBN",1,-1.31601562500155
"VIC","dBN",1,0.580615234376016
"VIC","dBN",1,2.31418457031361
"VIC","dBN",1,-1.24465332031398
"VIC","dBN",1,-0.85922851562388
"VIC","dBN",1,1.64262695312455
"VIC","dBN",1,-7.25241699218972
"VIC","dBN",1,9.48112792969009
"VIC","dBN",1,-3.08774414062459
"VIC","dBN",1,3.42932128906272
"VIC","dBN",1,-6.29692382812724
"VIC","dBN",1,-0.56694335937548
"VIC","dBN",1,5.0458007812531
"VIC","dBN",1,-2.52062988281495
"VIC","dBN",1,1.40612792968942
"VIC","dBN",1,1.30612792968718
"VIC","dBN",1,-8.2962402343791
"VIC","dBN",1,10.8439208984442
"VIC","dBN",1,-3.75205078125336
"VIC","dBN",1,-7.68203125000308
"VIC","dBN",1,15.4273437500066
"VIC","dBN",1,-13.0540527343788
"VIC","dBN",1,5.00490722656137
"VIC","dBN",1,-3.52609863281166
"VIC","dBN",1,5.57209472656478
"VIC","dBN",1,-0.629736328125972
"VIC","dBN",1,-7.67988281250386
"VIC","dBN",1,10.5945068359431
"VIC","dBN",1,-4.81088867187635
"VIC","dBN",1,-4.14687500000416
"VIC","dBN",1,4.21303710937875
"VIC","dBN",1,2.59772949218795
"VIC","dBN",1,-3.18564453125094
"VIC","dBN",1,0.766528320312117
"VIC","dBN",1,-4.85888671875177
"VIC","dBN",1,7.16289062500309
"VIC","dBN",1,0.00297851562524047
"VIC","dBN",1,-4.32521972656427
"VIC","dBN",1,1.0137939453118
"VIC","dBN",1,-2.9345703125
"VIC","dBN",1,9.14970703125423
"VIC","dBN",1,-8.11125488281664
"VIC","dBN",1,-1.49267578125273
"VIC","dBN",1,10.6084716796956
"VIC","dBN",1,-3.17153320312695
"VIC","dBN",1,-12.9648925781328
"VIC","dBN",1,7.52080078125423
"VIC","dBN",1,8.90476074219315
"VIC","dBN",1,-4.41354980469086
"VIC","dBN",1,-7.25734863281683
"VIC","dBN",1,2.03425292968993
"VIC","dBN",1,6.81865234375305
"VIC","dBN",1,-3.54548339843959
"VIC","dBN",1,-0.975488281250185
"VIC","dBN",1,-1.19152832031388
"VIC","dBN",1,-0.547558593748362
"VIC","dBN",1,7.49765625000137
"VIC","dBN",1,-10.3789550781284
"VIC","dBN",1,9.7601074218786
"VIC","dBN",1,-7.07790527343967
"VIC","dBN",1,0.208276367185598
"VIC","dBN",1,6.32761230469364
"VIC","dBN",1,-5.55031738281775
"VIC","dBN",1,-4.32885742187732
"VIC","dBN",1,13.737622070322
"VIC","dBN",1,-8.53452148438203
"VIC","dBN",1,-8.13896484375349
"VIC","dBN",1,19.1598632812607
"VIC","dBN",1,-14.8456054687572
"VIC","dBN",1,0.488476562497495
"VIC","dBN",1,8.7210937500077
"VIC","dBN",1,-4.56469726562841
"VIC","dBN",1,-4.12866210937812
"VIC","dBN",1,4.17458496093951
"VIC","dBN",1,3.69904785156738
"VIC","dBN",1,-2.51455078125486
"VIC","dBN",1,-13.3742675781303
"VIC","dBN",1,21.5224853515734
"VIC","dBN",1,-7.72126464843975
"VIC","dBN",1,-9.04338378907102
"VIC","dBN",1,8.19799804688192
"VIC","dBN",1,4.21870117187821
"VIC","dBN",1,-8.55695800781994
"VIC","dBN",1,-1.31542968749908
"VIC","dBN",1,12.2532226562565
"VIC","dBN",1,-10.1593261718797
"VIC","dBN",1,-0.962646484377784
"VIC","dBN",1,3.47314453125433
"VIC","dBN",1,4.00000000000086
"VIC","dBN",1,-5.83857421875303
"VIC","dBN",1,0.643505859374764
"VIC","dBN",1,2.57412109375277
"VIC","dBN",1,-0.481591796875741
"VIC","dBN",1,-4.46267089844069
"VIC","dBN",1,3.39177246094047
"VIC","dBN",1,4.21174316406399
"VIC","dBN",1,-7.52197265625399
"VIC","dBN",1,4.80346679687758
"VIC","dBN",1,-0.887670898437487
"VIC","dBN",1,-3.17861328125216
"VIC","dBN",1,5.12062988281512
"VIC","dBN",1,-3.15725097656331
"VIC","dBN",1,0.282299804686142
"VIC","dBN",1,0.168530273439008
"VIC","dBN",1,2.04714355468781
"VIC","dBN",1,-3.68642578125156
"VIC","dBN",1,2.03845214843791
"VIC","dBN",1,0.438403320314084
"VIC","dBN",1,-0.38435058593927
"VIC","dBN",1,-2.72199707031279
"VIC","dBN",1,5.83527832031452
"VIC","dBN",1,-4.35576171875105
"VIC","dBN",1,1.51335449218716
"VIC","dBN",1,-2.30734863281294
"VIC","dBN",1,2.09497070312578
"VIC","dBN",1,1.69985351562625
"VIC","dBN",1,-4.01008300781507
"VIC","dBN",1,1.3088134765629
"VIC","dBN",1,3.27929687500268
"VIC","dBN",1,-1.99150390625193
"VIC","dBN",1,-3.30686035156379
"VIC","dBN",1,3.65209960937716
"VIC","dBN",1,-1.81201171875132
"VIC","dBN",1,1.16538085937519
"VIC","dBN",1,2.89990234375242
"VIC","dBN",1,-4.98642578125308
"VIC","dBN",1,-1.55798339843855
"VIC","dBN",1,6.05959472656614
"VIC","dBN",1,-0.869824218750282
"VIC","dBN",1,-3.45993652344019
"VIC","dBN",1,-0.0719482421871266
"VIC","dBN",1,3.73994140625254
"VIC","dBN",1,-1.11228027343858
"VIC","dBN",1,-3.75136718750231
"VIC","dBN",1,3.92622070312756
"VIC","dBN",1,0.5438232421881
"VIC","dBN",1,-3.32795410156556
"VIC","dBN",1,1.58142089843998
"VIC","dBN",1,2.43725585937527
"VIC","dBN",1,-6.72880859375348
"VIC","dBN",1,7.87648925781706
"VIC","dBN",1,-2.23669433593901
"VIC","dBN",1,-5.85903320312804
"VIC","dBN",1,8.96372070312957
"VIC","dBN",1,-6.46889648437717
"VIC","dBN",1,1.15637207031099
"VIC","dBN",1,1.54768066406485
"VIC","dBN",1,1.75893554687532
"VIC","dBN",1,-2.71928710937618
"VIC","dBN",1,-1.61694335937649
"VIC","dBN",1,1.81752929687777
"VIC","dBN",1,1.84091796874889
"VIC","dBN",1,-5.14921875000241
"VIC","dBN",1,9.9544433593818
"VIC","dBN",1,-7.39533691406817
"VIC","dBN",1,-9.01608886719114
"VIC","dBN",1,20.1834472656346
"VIC","dBN",1,-12.4411621093793
"VIC","dBN",1,1.45117187499721
"VIC","dBN",1,-0.464282226559931
"VIC","dBN",1,2.51689453125086
"VIC","dBN",1,0.413891601561533
"VIC","dBN",1,-5.3032958984388
"VIC","dBN",1,6.86347656250247
"VIC","dBN",1,-6.18007812500225
"VIC","dBN",1,3.82248535156352
"VIC","dBN",1,0.285693359376445
"VIC","dBN",1,-3.3431396484418
"VIC","dBN",1,4.15410156250479
"VIC","dBN",1,3.70295410156385
"VIC","dBN",1,-16.477929687509
"VIC","dBN",1,10.8584716796928
"VIC","dBN",1,7.16711425781797
"VIC","dBN",1,-8.9049804687567
"VIC","dBN",1,-0.807275390625367
"VIC","dBN",1,4.04387207031589
"VIC","dBN",1,-0.147094726562473
"VIC","dBN",1,-3.29118652344026
"VIC","dBN",1,-1.63845214843793
"VIC","dBN",1,7.56164550781659
"VIC","dBN",1,-2.28305664062642
"VIC","dBN",1,-4.26120605469003
"VIC","dBN",1,2.57453613281493
"VIC","dBN",1,-1.46760253906427
"VIC","dBN",1,0.696264648438378
"VIC","dBN",1,5.82038574218982
"VIC","dBN",1,-7.91096191406584
"VIC","dBN",1,2.98125000000102
"VIC","dBN",1,-1.48520507812489
"VIC","dBN",1,-0.235766601563356
"VIC","dBN",1,3.79406738281491
"VIC","dBN",1,-2.39184570312768
"VIC","dBN",1,0.163989257814418
"VIC","dBN",1,4.02746582031362
"VIC","dBN",1,-12.0264160156309
"VIC","dBN",1,10.8295410156305
"VIC","dBN",1,0.548535156251311
"VIC","dBN",1,-8.45588378906878
"VIC","dBN",1,7.09079589844167
"VIC","dBN",1,0.929443359377378
"VIC","dBN",1,-5.81264648437995
"VIC","dBN",1,-1.51386718750129
"VIC","dBN",1,9.72812500000698
"VIC","dBN",1,-0.154467773438295
"VIC","dBN",1,-14.5958984375083
"VIC","dBN",1,8.13156738281711
"VIC","dBN",1,6.48991699219206
"VIC","dBN",1,-5.15874023437989
"VIC","dBN",1,-0.775927734374879
"VIC","dBN",1,2.26770019531521
"VIC","dBN",1,-4.17727050781551
"VIC","dBN",1,-0.97917480468826
"VIC","dBN",1,7.29782714844098
"VIC","dBN",1,-0.871630859374267
"VIC","dBN",1,-3.26838378906574
"VIC","dBN",1,-5.61804199218922
"VIC","dBN",1,8.97885742187884
"VIC","dBN",1,-0.538818359373501
"VIC","dBN",1,-3.25170898437948
"VIC","dBN",1,-3.42570800781259
"VIC","dBN",1,9.69697265625528
"VIC","dBN",1,-6.35510253906648
"VIC","dBN",1,-3.33891601562657
"VIC","dBN",1,8.54335937500403
"VIC","dBN",1,-6.57131347656417
"VIC","dBN",1,4.62692871093652
"VIC","dBN",1,-4.97502441406127
"VIC","dBN",1,6.65993652343809
"VIC","dBN",1,-9.56777343750233
"VIC","dBN",1,6.5977539062504
"VIC","dBN",1,-0.651025390622904
"VIC","dBN",1,4.05034179687549
"VIC","dBN",1,-6.64692382812757
"VIC","dBN",1,-1.22133789062551
"VIC","dBN",1,4.19211425781399
"VIC","dBN",1,-0.525830078124341
"VIC","dBN",1,4.12563476562592
"VIC","dBN",1,-7.88703613281621
"VIC","dBN",1,3.14692382812767
"VIC","dBN",1,2.02719726562522
"VIC","dBN",1,-7.70322265625386
"VIC","dBN",1,12.2491210937557
"VIC","dBN",1,-5.30847167968913
"VIC","dBN",1,-4.12941894531573
"VIC","dBN",1,3.75646972656459
"VIC","dBN",1,-1.29338378906186
"VIC","dBN",1,3.94172363281338
"VIC","dBN",1,-7.23388671875419
"VIC","dBN",1,4.49345703125327
"VIC","dBN",1,5.31120605469072
"VIC","dBN",1,-13.065161132821
"VIC","dBN",1,7.2879394531297
