YR,MO,DA,HHMM,Day,Day_1,S,Bx,By,Bz,Bt,Lat_,Long_
2003,10,29,0,52941,0,0,4.4,3.2,-7.7,9.4,-54.7,35.8
2003,10,29,1,52941,60,0,5.7,3.4,-6.6,9.3,-44.9,30.6
2003,10,29,2,52941,120,0,5.6,5.7,-4.5,9.2,-29.4,45.2
2003,10,29,3,52941,180,0,4.2,6.1,-5.4,9.2,-36.1,55
2003,10,29,4,52941,240,0,1.6,7.8,-4.5,9.1,-29.4,78.3
2003,10,29,5,52941,300,0,6.3,6.2,-1.1,8.9,-7.1,44.4
2003,10,29,6,52941,360,0,7.5,2.2,3.1,8.5,21.7,16
2003,10,29,7,52941,420,0,7.5,2.9,-2.8,8.5,-19.6,21.5
2003,10,29,8,52941,480,0,9,0.8,-1.7,9.2,-10.3,5
2003,10,29,9,52941,540,0,8.5,2.1,-2.6,9.2,-16.4,13.9
2003,10,29,10,52941,600,0,8.8,1.8,-2.4,9.3,-15.1,11.3
2003,10,29,11,52941,660,0,8.6,0.8,-2.6,9.1,-16.8,5.5
2003,10,29,12,52941,720,0,8.8,1.1,-2.8,9.3,-17.7,6.9
2003,10,29,13,52941,780,0,8,-1.4,-4.9,9.5,-30.8,349.9
2003,10,29,14,52941,840,0,7.7,-1.1,-5.3,9.4,-34.5,352
2003,10,29,15,52941,900,0,6.9,0.2,-5.5,8.8,-38.4,1.3
2003,10,29,16,52941,960,0,8.4,-0.4,-3.6,9.1,-23.1,356.9
2003,10,29,17,52941,1020,0,8.5,-3.2,-2.4,9.4,-14.9,339.3
2003,10,29,18,52941,1080,0,6.6,-3.8,-4.2,8.6,-29.1,330.2
2003,10,29,19,52941,1140,0,6.8,-5.2,-3.3,9.2,-21,322.6
2003,10,29,20,52941,1200,0,7.6,-4.1,-3.2,9.2,-20.4,331.2
2003,10,29,21,52941,1260,0,6.6,-4.8,-3.9,9,-25.3,324.1
2003,10,29,22,52941,1320,0,4,4.2,-5.4,7.9,-42.8,46.5
2003,10,29,23,52941,1380,0,3.4,7,-4.9,9.1,-32.2,64.1
2003,10,29,24,52941,1440,0,5.3,7.3,-2,9.2,-12.5,53.9
2003,10,29,25,52941,1500,0,5.7,4.2,-4.8,8.5,-33.8,36.5
2003,10,29,26,52941,1560,0,7.3,-1.7,-6.3,9.7,-40.2,346.9
2003,10,29,27,52941,1620,0,8.3,-1.4,-4.8,9.7,-29.5,350.5
2003,10,29,28,52941,1680,0,8.3,-2,-3.7,9.3,-23.6,346.1
2003,10,29,29,52941,1740,0,6.9,-1.2,-5.9,9.2,-40.4,350.1
2003,10,29,30,52941,1800,0,5.2,-0.8,-7.3,9,-54.4,351
2003,10,29,31,52941,1860,0,6.3,-2.2,-5.6,8.7,-39.9,341
2003,10,29,32,52941,1920,0,7.9,-2.1,-3.9,9.1,-25.6,345.3
2003,10,29,33,52941,1980,0,8.2,1,-3.7,9,-24,6.6
2003,10,29,34,52941,2040,0,6.7,2.8,-5,8.8,-34.7,22.4
2003,10,29,35,52941,2100,0,6.9,3.2,-5,9.1,-33.6,24.8
2003,10,29,36,52941,2160,0,5.4,4.4,-5.7,9,-39.2,39.6
2003,10,29,37,52941,2220,0,4.1,5.5,-6.2,9.2,-42,53.3
2003,10,29,38,52941,2280,0,4.4,5.6,-6,9.3,-39.9,51.9
2003,10,29,39,52941,2340,0,7.5,1.9,-5.7,9.6,-36.6,14.3
2003,10,29,40,52941,2400,0,8.3,-1.9,-3.6,9.3,-22.8,347
2003,10,29,41,52941,2460,0,9.4,-0.2,-2,9.7,-12.2,358.8
2003,10,29,42,52941,2520,0,9.1,1.7,-2.6,9.6,-15.7,10.7
2003,10,29,43,52941,2580,0,7.4,-2.8,-3.1,8.5,-21.7,339.1
2003,10,29,44,52941,2640,0,6.3,-5.5,-4.4,9.4,-27.8,319.1
2003,10,29,45,52941,2700,0,5.4,-5.9,-5,9.5,-31.9,312.6
2003,10,29,46,52941,2760,0,3.5,-6,-5.8,9,-39.8,299.9
2003,10,29,47,52941,2820,0,4.8,-5,-5.6,8.9,-39,313.8
2003,10,29,48,52941,2880,0,6.9,-3.1,-4.7,8.9,-32.1,335.7
2003,10,29,49,52941,2940,0,6.8,-0.1,-6,9,-41.4,359
2003,10,29,50,52941,3000,0,8.9,-1.9,-2.5,9.4,-15.6,347.9
2003,10,29,51,52941,3060,0,8.7,-1.3,-4,9.6,-24.3,351.4
2003,10,29,52,52941,3120,0,8.5,2,-3.7,9.5,-23,13.3
2003,10,29,53,52941,3180,0,7.4,0.6,-2.5,7.9,-18.5,4.9
2003,10,29,54,52941,3240,0,7.6,-5.8,-1.7,9.7,-9.9,322.5
2003,10,29,55,52941,3300,0,6.6,-5.7,-4.1,9.6,-25,318.8
2003,10,29,56,52941,3360,0,6.4,-2.9,-6.7,9.7,-43.9,335.7
2003,10,29,57,52941,3420,0,7.8,-2.3,-4.5,9.3,-28.8,343.6
2003,10,29,58,52941,3480,0,8.8,0.8,-3.2,9.4,-20,5.5
2003,10,29,59,52941,3540,0,8.3,-1,-4.6,9.5,-28.8,352.9
2003,10,29,100,52941,3600,0,7.8,-3.3,-4.8,9.7,-29.3,337.2
2003,10,29,101,52941,3660,0,7.5,-6.3,-0.9,9.9,-5.5,320.3
2003,10,29,102,52941,3720,0,8.7,-4.3,-2.6,10,-15,333.5
2003,10,29,103,52941,3780,0,8.6,-3.9,-2.7,9.9,-16,335.4
2003,10,29,104,52941,3840,0,9.2,-3,-2.5,10,-14.4,342.1
2003,10,29,105,52941,3900,0,8.8,-4,-2.4,9.9,-13.9,335.6
2003,10,29,106,52941,3960,0,9.3,-2.2,-2.2,9.8,-13.1,347
2003,10,29,107,52941,4020,0,9.5,-2,-1.6,9.9,-9.2,348.1
2003,10,29,108,52941,4080,0,9.6,-1.8,-0.9,9.8,-5.5,349.5
2003,10,29,109,52941,4140,0,8,-2.3,-4.3,9.3,-27.4,344.1
2003,10,29,110,52941,4200,0,7.3,-3.7,-4.8,9.5,-30.2,332.9
2003,10,29,111,52941,4260,0,8.4,-4.5,-3,10,-17.4,331.9
2003,10,29,112,52941,4320,0,8.1,-2.9,-4.3,9.6,-26.8,340.1
2003,10,29,113,52941,4380,0,9.2,-3.8,1.3,10,7.2,337.5
2003,10,29,114,52941,4440,0,8.3,-1.7,4.4,9.5,27.3,348.4
2003,10,29,115,52941,4500,0,8.1,-2.6,4.4,9.6,26.9,342
2003,10,29,116,52941,4560,0,9.7,-0.4,1.2,9.7,7,357.8
2003,10,29,117,52941,4620,0,8.3,0.9,-3.2,9,-20.9,6.4
2003,10,29,118,52941,4680,0,8.6,-1.4,-0.3,8.7,-1.8,350.8
2003,10,29,119,52941,4740,0,9.4,-3.2,2.2,10.1,12.6,341
2003,10,29,120,52941,4800,0,8.8,-5.2,0.3,10.2,1.8,329.5
2003,10,29,121,52941,4860,0,7,-0.7,4.8,8.5,34.4,353.9
2003,10,29,122,52941,4920,0,3.2,1.8,9.2,9.9,68.2,29
2003,10,29,123,52941,4980,0,2.9,0.5,9.4,9.9,72.6,9.5
2003,10,29,124,52941,5040,0,4.2,0.2,8.8,9.7,64.6,2.7
2003,10,29,125,52941,5100,0,4.9,0.2,8.4,9.7,59.5,2.1
2003,10,29,126,52941,5160,0,6.5,0,6.8,9.4,46.4,0.2
2003,10,29,127,52941,5220,0,8,-0.7,5.1,9.5,32.3,355.2
2003,10,29,128,52941,5280,0,8.5,0.8,4,9.5,25.2,5.1
2003,10,29,129,52941,5340,0,8.1,0.9,5,9.5,31.4,6.2
2003,10,29,130,52941,5400,0,5.9,3.5,6.6,9.5,44,30.6
2003,10,29,131,52941,5460,0,5.2,3.4,7.1,9.4,48.6,32.8
2003,10,29,132,52941,5520,0,5.7,1.6,7.2,9.3,50.8,16.1
2003,10,29,133,52941,5580,0,5.7,0.5,7,9,51.1,5.2
2003,10,29,134,52941,5640,0,6.2,-2.8,6.3,9.2,42.7,335.9
2003,10,29,135,52941,5700,0,8.3,-0,4.2,9.3,26.7,359.9
2003,10,29,136,52941,5760,0,5.2,2.5,6.6,8.7,48.8,26.1
2003,10,29,137,52941,5820,0,3.1,1.4,8.1,8.8,66.9,24.6
2003,10,29,138,52941,5880,0,3.2,0.5,3.6,4.8,47.6,8.9
2003,10,29,139,52941,5940,0,7.6,3.8,-3.6,9.3,-22.9,26.8
2003,10,29,140,52941,6000,0,8.4,-2.4,0.6,8.7,3.6,343.7
2003,10,29,141,52941,6060,0,7.4,-2.6,0.1,7.8,0.8,340.5
2003,10,29,142,52941,6120,0,5.4,0.4,3.1,6.3,29.9,3.9
2003,10,29,143,52941,6180,0,8,-2.2,1.1,8.3,7.5,344.8
2003,10,29,144,52941,6240,0,8.8,0.3,3.1,9.4,19.3,2.1
2003,10,29,145,52941,6300,0,9.1,1.9,1.7,9.5,10.5,11.6
2003,10,29,146,52941,6360,0,9.1,0.6,-0.9,9.2,-5.6,3.5
2003,10,29,147,52941,6420,0,9.1,0.4,-1.1,9.1,-6.6,2.4
2003,10,29,148,52941,6480,0,9.2,-1.8,-0.7,9.4,-4.5,349.1
2003,10,29,149,52941,6540,0,9.1,-1.8,0,9.3,0.3,349
2003,10,29,150,52941,6600,0,9.1,-2.7,0.2,9.5,1.3,343.6
2003,10,29,151,52941,6660,0,9.2,-2.4,-0.4,9.6,-2.2,345.3
2003,10,29,152,52941,6720,0,9.4,-1.5,-0.5,9.5,-2.8,350.7
2003,10,29,153,52941,6780,0,9.6,-1,0.2,9.7,1.2,354.3
2003,10,29,154,52941,6840,0,9.4,-0.1,1.8,9.6,10.8,359.4
2003,10,29,155,52941,6900,0,7.4,-0.4,6.3,9.7,40.3,356.7
2003,10,29,156,52941,6960,0,7.7,-1.9,5.5,9.7,34.9,346
2003,10,29,157,52941,7020,0,8.2,-2.2,4.1,9.5,25.9,345.1
2003,10,29,158,52941,7080,0,8.9,-1.4,2.9,9.5,17.8,350.8
2003,10,29,159,52941,7140,0,9.2,-2.1,1.5,9.6,8.7,347.5
2003,10,29,200,52941,7200,0,9.2,-2.2,1.8,9.6,10.5,346.4
2003,10,29,201,52941,7260,0,8.8,-1.8,3.7,9.7,22.1,348.6
2003,10,29,202,52941,7320,0,8.7,-1.7,3.8,9.7,23.3,348.8
2003,10,29,203,52941,7380,0,8.6,-2.7,3.6,9.7,21.6,342.4
2003,10,29,204,52941,7440,0,8.6,-3.1,3.3,9.8,19.8,340.3
2003,10,29,205,52941,7500,0,8.6,-3.9,1.8,9.6,10.6,335.5
2003,10,29,206,52941,7560,0,8.8,-3.5,0.2,9.5,1.1,338.2
2003,10,29,207,52941,7620,0,8.3,-4.2,-1.1,9.4,-6.7,333.4
2003,10,29,208,52941,7680,0,6,-6.5,4,9.7,24.3,313
2003,10,29,209,52941,7740,0,9.4,-3.7,0.4,10.1,2.1,338.6
2003,10,29,210,52941,7800,0,8.6,-4.4,-3.1,10.1,-17.8,332.6
2003,10,29,211,52941,7860,0,9.1,-3.7,-2.8,10.2,-15.8,337.6
2003,10,29,212,52941,7920,0,8.5,-3.9,-2.9,9.8,-17,335.5
2003,10,29,213,52941,7980,0,7.4,-3.2,-5.1,9.5,-32.4,336.8
2003,10,29,214,52941,8040,0,5.5,2.6,-6.8,9.2,-48.1,25.6
2003,10,29,215,52941,8100,0,7.5,4.2,-4.9,9.9,-29.8,29
2003,10,29,216,52941,8160,0,8.5,-5.9,1.2,10.4,6.8,325.4
2003,10,29,217,52941,8220,0,8.2,-5.9,1.7,10.2,9.7,324.3
2003,10,29,218,52941,8280,0,7.6,-6.5,1.7,10.2,9.6,319.6
2003,10,29,219,52941,8340,0,8.2,-5.7,2.1,10.2,11.8,325
2003,10,29,220,52941,8400,0,5.5,-7.5,3.6,10,21.4,306.5
2003,10,29,221,52941,8460,0,7.6,-6.1,1.1,9.8,6.7,321.4
2003,10,29,222,52941,8520,0,9.2,-2.7,3.1,10.1,17.7,343.5
2003,10,29,223,52941,8580,0,9.4,-2,-0.7,9.6,-4,348.2
2003,10,29,224,52941,8640,0,9.6,-0.5,-1.8,9.8,-10.6,357
2003,10,29,225,52941,8700,0,9.7,-0.9,0.6,9.8,3.4,354.6
2003,10,29,226,52941,8760,0,8.9,2.1,2.1,9.4,13,13.5
2003,10,29,227,52941,8820,0,5.8,5.5,0.5,8,3.2,43.3
2003,10,29,228,52941,8880,0,5.2,-5.5,2.6,8,19.2,313.5
2003,10,29,229,52941,8940,0,5.8,-3.1,7.2,9.8,47.3,331.6
2003,10,29,230,52941,9000,0,5.9,-3.7,6.9,9.9,44.7,328
2003,10,29,231,52941,9060,0,7.3,-3.8,5.2,9.7,32.2,332.1
2003,10,29,232,52941,9120,0,8.3,-3.3,3,9.4,18.5,338.1
2003,10,29,233,52941,9180,0,8.9,-2.6,2.7,9.7,15.9,343.6
2003,10,29,234,52941,9240,0,8.6,-3.8,2.6,9.7,15.4,336.4
2003,10,29,235,52941,9300,0,6.9,-4.6,5.4,9.9,32.8,326.3
2003,10,29,236,52941,9360,0,7.2,-5.8,3.9,10.1,22.9,321.2
2003,10,29,237,52941,9420,0,5.4,-6.1,4.9,9.5,31,311.4
2003,10,29,238,52941,9480,0,4.6,-6.8,5.6,9.9,34.2,304
2003,10,29,239,52941,9540,0,6,-6.4,4.7,9.9,28.2,312.9
2003,10,29,240,52941,9600,0,6,-6.3,4.3,9.7,26.5,313.6
2003,10,29,241,52941,9660,0,3.4,-5,7.7,9.8,52.2,304.1
2003,10,29,242,52941,9720,0,3.5,-7,6.1,9.9,38,296.4
2003,10,29,243,52941,9780,0,5.7,-7.7,2.8,10,16.4,306.3
2003,10,29,244,52941,9840,0,4.5,-6.9,5.2,9.7,32,303.4
2003,10,29,245,52941,9900,0,3.2,-6.8,6.9,10.2,42.7,295.4
2003,10,29,246,52941,9960,0,4.1,-7.9,5.1,10.2,29.7,297.4
2003,10,29,247,52941,10020,0,5.2,-7.7,4.4,10.2,25.3,304.2
2003,10,29,248,52941,10080,0,5.7,-7.8,3.3,10.2,18.8,306
2003,10,29,249,52941,10140,0,6.5,-5.8,4,9.5,24.6,318.4
2003,10,29,250,52941,10200,0,4.3,-5.6,7.6,10.4,47,307.9
2003,10,29,251,52941,10260,0,4.7,-6.8,6.2,10.3,36.9,304.6
2003,10,29,252,52941,10320,0,5.7,-7.9,3.3,10.3,18.9,305.8
2003,10,29,253,52941,10380,0,6.3,-7.9,2,10.3,11,308.8
2003,10,29,254,52941,10440,0,7.7,-6.5,2.2,10.3,12.3,319.9
2003,10,29,255,52941,10500,0,7.2,-5.1,4.6,10,27.6,325
2003,10,29,256,52941,10560,0,6.3,-6.1,5.3,10.3,31.3,315.8
2003,10,29,257,52941,10620,0,7.8,-6.2,1.7,10.2,9.6,321.4
2003,10,29,258,52941,10680,0,8.4,-5.6,-1.6,10.3,-9,326.2
2003,10,29,259,52941,10740,0,3.7,-5.8,2.9,7.5,22.8,302.2
2003,10,29,300,52941,10800,0,0.6,-4.5,8.6,9.7,62.2,277.3
2003,10,29,301,52941,10860,0,5.4,-5.1,6.5,9.9,41.3,317
2003,10,29,302,52941,10920,0,8.6,-1.8,3.8,9.6,23.1,348
2003,10,29,303,52941,10980,0,6,-5,4.5,9,29.8,320.3
2003,10,29,304,52941,11040,0,3.7,-8.4,3.9,10,22.8,293.9
2003,10,29,305,52941,11100,0,6.7,-4.4,5.2,9.5,33.1,326.3
2003,10,29,306,52941,11160,0,7.8,-3.6,4.9,9.9,29.7,335.1
2003,10,29,307,52941,11220,0,9.3,-0.1,2.5,9.6,14.8,359.1
2003,10,29,308,52941,11280,0,9.5,0,2.3,9.8,13.4,0.3
2003,10,29,309,52941,11340,0,4.8,-5.6,4.1,8.5,29.2,310.7
2003,10,29,310,52941,11400,0,5,-1.9,7.7,9.3,55.2,338.7
2003,10,29,311,52941,11460,0,4.6,-4.9,4.5,8.1,33.6,313.3
2003,10,29,312,52941,11520,0,5.9,-6.7,-1.8,9.1,-11.4,311.5
2003,10,29,313,52941,11580,0,7.5,-5.5,1.8,9.4,11.1,323.7
2003,10,29,314,52941,11640,0,5.5,-7.2,-1.6,9.2,-10.2,307.2
2003,10,29,315,52941,11700,0,5.9,-6.8,1.6,9.2,10.3,311
2003,10,29,316,52941,11760,0,8.5,-4,2,9.6,12.2,334.7
2003,10,29,317,52941,11820,0,6.5,-4.4,1.8,8.1,12.7,325.7
2003,10,29,318,52941,11880,0,7.6,-5.5,2.7,9.7,16.1,324.3
2003,10,29,319,52941,11940,0,8.5,-4.9,-0.7,9.8,-4.2,330
2003,10,29,320,52941,12000,0,9,-4.3,-1,10,-5.5,334.7
2003,10,29,321,52941,12060,0,8.6,-5,-1.2,10,-7.1,330
2003,10,29,322,52941,12120,0,8.8,-4.2,0.8,9.8,4.9,334.4
2003,10,29,323,52941,12180,0,8.6,-3.5,2.4,9.6,14.2,337.9
2003,10,29,324,52941,12240,0,8.5,-4.5,0.2,9.6,1,332
2003,10,29,325,52941,12300,0,8.3,-4.6,1.5,9.6,9,331
2003,10,29,326,52941,12360,0,8.3,-1.8,3.4,9.2,21.9,347.7
2003,10,29,327,52941,12420,0,4.4,-4.4,5.2,8.1,40,315.5
2003,10,29,328,52941,12480,0,2.2,-5.8,5.9,8.6,43.3,290.6
2003,10,29,329,52941,12540,0,6.6,-1.6,5.1,8.4,36.9,345.9
2003,10,29,330,52941,12600,0,8.3,1.6,0.1,8.5,0.9,11
2003,10,29,331,52941,12660,0,5.4,-2.6,6.5,8.8,47.5,333.8
2003,10,29,332,52941,12720,0,7.1,-3.2,4,8.7,27.1,335.5
2003,10,29,333,52941,12780,0,8.4,-3.2,0.5,9,3.1,339
2003,10,29,334,52941,12840,0,8,-4.4,1.6,9.3,10.1,331.4
2003,10,29,335,52941,12900,0,8.6,-2.8,2.3,9.4,14.4,342.3
2003,10,29,336,52941,12960,0,7.1,-2.7,3.3,8.3,23.1,339.1
2003,10,29,337,52941,13020,0,6.7,2.4,6.1,9.4,40.6,19.6
2003,10,29,338,52941,13080,0,7.8,3.2,4.6,9.6,28.7,22.1
2003,10,29,339,52941,13140,0,8.5,1.8,4.3,9.7,26.4,12.1
2003,10,29,340,52941,13200,0,9.2,-1,1.6,9.4,9.8,353.8
2003,10,29,341,52941,13260,0,8.8,-2.7,-2.6,9.6,-15.8,342.7
2003,10,29,342,52941,13320,0,9.1,-1.1,-3.1,9.6,-18.6,353.4
2003,10,29,343,52941,13380,0,9.1,2.8,-1.9,9.7,-11.4,16.8
2003,10,29,344,52941,13440,0,8.3,5.6,-1.4,10.1,-8.2,33.8
2003,10,29,345,52941,13500,0,7.7,6.6,-0.5,10.1,-3,40.7
2003,10,29,346,52941,13560,0,7.5,7.3,-0.5,10.4,-2.8,44.4
2003,10,29,347,52941,13620,0,7.3,7.3,-1.5,10.4,-8.2,45
2003,10,29,348,52941,13680,0,7.7,6.2,-3,10.3,-17,38.8
2003,10,29,349,52941,13740,0,7.6,4.5,-5.9,10.6,-33.8,30.6
2003,10,29,350,52941,13800,0,6.6,6,-6,10.7,-33.9,42.2
2003,10,29,351,52941,13860,0,6.7,5.3,-6.2,10.5,-36.1,38.5
2003,10,29,352,52941,13920,0,9.3,1.5,-4.8,10.5,-27.2,9
2003,10,29,353,52941,13980,0,8.3,1.2,-5.5,10.1,-33.2,8.4
2003,10,29,354,52941,14040,0,8.2,0.8,-5.8,10,-35,5.6
2003,10,29,355,52941,14100,0,7.9,0.9,-6.3,10.2,-38.4,6.4
2003,10,29,356,52941,14160,0,7.4,2.5,-6.7,10.3,-40.8,18.8
2003,10,29,357,52941,14220,0,6.6,2,-7.4,10.1,-47.3,16.9
2003,10,29,358,52941,14280,0,7.7,-0.5,-6.2,9.9,-38.9,356.5
2003,10,29,359,52941,14340,0,8.9,2,-4.1,10,-24.5,12.9
2003,10,29,400,52941,14400,0,9.5,-1.6,-3.6,10.3,-20.7,350.2
2003,10,29,401,52941,14460,0,9.1,1.3,-4.2,10.1,-24.5,8.1
2003,10,29,402,52941,14520,0,8.6,0.9,-5.3,10.1,-31.7,5.9
2003,10,29,403,52941,14580,0,8.6,0.1,-5.1,10,-30.4,0.6
2003,10,29,404,52941,14640,0,8.7,0.9,-4.8,10,-28.9,6.2
2003,10,29,405,52941,14700,0,9.1,-1.6,-4.1,10.1,-24,350.1
2003,10,29,406,52941,14760,0,8.1,-2.8,-5.3,10.1,-31.7,341.2
2003,10,29,407,52941,14820,0,8.4,-1.7,-5.7,10.3,-33.6,348.8
2003,10,29,408,52941,14880,0,8.9,-2.5,-1.6,9.3,-9.6,344.2
2003,10,29,409,52941,14940,0,9.3,0.3,-3.5,9.9,-20.8,1.9
2003,10,29,410,52941,15000,0,9.9,0.1,-1.2,10,-6.7,0.3
2003,10,29,411,52941,15060,0,9.6,-2.3,-2.4,10.2,-13.8,346.6
2003,10,29,412,52941,15120,0,9.2,-0.3,-2.6,9.5,-15.9,358.1
2003,10,29,413,52941,15180,0,7.9,-1.1,-5.2,9.5,-32.9,352.2
2003,10,29,414,52941,15240,0,7.3,-1.4,-5.6,9.3,-37,349.2
2003,10,29,415,52941,15300,0,8.4,-0.5,-4.1,9.3,-25.8,356.7
2003,10,29,416,52941,15360,0,5.3,4.9,-4.4,8.5,-31.4,42.6
2003,10,29,417,52941,15420,0,7.6,4.8,-4.3,10,-25.8,32
2003,10,29,418,52941,15480,0,9.7,0.5,-3.6,10.3,-20.5,2.7
2003,10,29,419,52941,15540,0,8.2,1.4,-4.8,9.6,-30.1,9.9
2003,10,29,420,52941,15600,0,8.5,-1.9,-1.6,8.8,-10.1,347.7
2003,10,29,421,52941,15660,0,9.1,-0.7,-1.9,9.3,-12.1,355.8
2003,10,29,422,52941,15720,0,9.4,1.2,-1.7,9.7,-10.4,7.5
2003,10,29,423,52941,15780,0,7.7,-2.3,3.3,8.7,22.2,343.2
2003,10,29,424,52941,15840,0,6.5,-4.3,5.4,9.5,34.6,326.5
2003,10,29,425,52941,15900,0,6.4,-5.1,4.9,9.6,30.6,321.4
2003,10,29,426,52941,15960,0,5.4,-6,5.1,9.5,32.1,312
2003,10,29,427,52941,16020,0,8,-3.3,3.9,9.5,24.3,337.2
2003,10,29,428,52941,16080,0,6.8,-5.8,4,9.8,24.1,319.8
2003,10,29,429,52941,16140,0,6.4,-6.5,3.7,9.9,22.2,314.6
2003,10,29,430,52941,16200,0,7.8,-5.7,0.8,9.7,5,324.1
2003,10,29,431,52941,16260,0,7.7,-5.5,1.2,9.5,7.1,324.4
2003,10,29,432,52941,16320,0,6.9,-5.7,3.2,9.5,19.7,320.8
2003,10,29,433,52941,16380,0,6,-6.1,4.2,9.5,26.1,314.7
2003,10,29,434,52941,16440,0,6.2,-7.5,2.3,10,13.6,309.8
2003,10,29,435,52941,16500,0,7.3,-5.4,3.4,9.7,20.8,323.4
2003,10,29,436,52941,16560,0,5.9,-5.6,4.6,9.3,29.4,316.3
2003,10,29,437,52941,16620,0,4.2,-5.3,5.8,8.9,40.7,308.5
2003,10,29,438,52941,16680,0,4.5,-4.6,5.2,8.3,39,314.3
2003,10,29,439,52941,16740,0,6.7,-4,3,8.4,21.1,329.3
2003,10,29,440,52941,16800,0,4.3,-5.6,4.7,8.5,33.8,307.2
2003,10,29,441,52941,16860,0,3.6,-6,4.7,8.4,33.8,300.9
2003,10,29,442,52941,16920,0,6.8,-5.8,1.1,9,7,319.5
2003,10,29,443,52941,16980,0,6.8,-6.1,0.8,9.2,5.1,318
2003,10,29,444,52941,17040,0,7.3,-3.8,3.2,8.8,21,332.3
2003,10,29,445,52941,17100,0,7.6,-5.2,-0.7,9.3,-4.1,325.7
2003,10,29,446,52941,17160,0,7.5,-5,3.1,9.5,19.1,326.5
2003,10,29,447,52941,17220,0,7.1,-4.1,3.5,9,23.3,330
2003,10,29,448,52941,17280,0,7.8,-2.5,2.9,8.7,19.5,342.3
2003,10,29,449,52941,17340,0,6.3,-3.3,3.8,8.1,27.9,332.7
2003,10,29,450,52941,17400,0,5.4,-4.4,3.5,7.8,27,321.3
2003,10,29,451,52941,17460,0,6.2,-4.4,3.5,8.4,24.5,324.6
2003,10,29,452,52941,17520,0,6.6,-3.6,3.9,8.5,27.7,331.6
2003,10,29,453,52941,17580,0,6.7,-2.7,4.6,8.5,32.4,338.1
2003,10,29,454,52941,17640,0,6,-3.9,4.7,8.6,33.3,327.4
2003,10,29,455,52941,17700,0,5.8,-3.6,4.3,8,32.4,328.4
2003,10,29,456,52941,17760,0,5.2,-4,4.3,7.9,33.5,322.6
2003,10,29,457,52941,17820,0,5.8,-3.9,3.4,7.8,25.9,325.6
2003,10,29,458,52941,17880,0,6,-3.6,3.6,7.8,27,328.7
2003,10,29,459,52941,17940,0,6.6,-2.1,4.5,8.3,33.4,342.6
2003,10,29,500,52941,18000,0,7,-3.5,2.8,8.3,19.5,333.8
2003,10,29,501,52941,18060,0,6.7,-3,3,8,22.3,336.2
2003,10,29,502,52941,18120,0,7.7,-1.2,3.3,8.4,22.8,351.3
2003,10,29,503,52941,18180,0,9.2,-1.5,0.8,9.4,4.9,350.7
2003,10,29,504,52941,18240,0,9.6,-0.8,-0.5,9.6,-3.2,355.1
2003,10,29,505,52941,18300,0,8.9,-1.2,-2.8,9.5,-17.2,352.4
2003,10,29,506,52941,18360,0,9.1,-1.2,-2.5,9.5,-15.2,352.2
2003,10,29,507,52941,18420,0,9.5,-2.8,-1.4,10,-7.9,343.9
2003,10,29,508,52941,18480,0,8.9,-2.3,3.8,10,22.6,345.4
2003,10,29,509,52941,18540,0,7.9,-2.3,4.7,9.5,29.9,343.7
2003,10,29,510,52941,18600,0,8.9,-3.3,0.8,9.6,4.7,339.8
2003,10,29,511,52941,18660,0,8.7,-3.4,0.9,9.4,5.5,338.8
2003,10,29,512,52941,18720,0,8.8,-2.1,-0.1,9.1,-0.8,346.9
2003,10,29,513,52941,18780,0,8.9,-2,-0.2,9.1,-1.5,347.5
2003,10,29,514,52941,18840,0,8.8,-3.2,1.4,9.5,8.6,339.8
2003,10,29,515,52941,18900,0,9,-3,1.2,9.6,7.3,341.8
2003,10,29,516,52941,18960,0,9.3,-3.2,2.1,10.1,12.2,341
2003,10,29,517,52941,19020,0,9.3,-3.2,2,10,11.7,340.9
2003,10,29,518,52941,19080,0,9,-3,2.8,9.9,16.8,341.6
2003,10,29,519,52941,19140,0,8.3,-3.7,3.9,9.9,23.2,336.1
2003,10,29,520,52941,19200,0,7.9,-3.7,5,10.1,29.7,334.6
2003,10,29,521,52941,19260,0,8.6,-3.4,3.8,10.1,22.4,338.2
2003,10,29,522,52941,19320,0,8.2,-4.5,4.9,10.5,27.6,331
2003,10,29,523,52941,19380,0,8.4,-4.9,2.6,10,15.2,329.8
2003,10,29,524,52941,19440,0,8.9,-4,1.9,10,10.7,336.1
2003,10,29,525,52941,19500,0,7.1,-4.7,4.2,9.5,26,326.8
2003,10,29,526,52941,19560,0,7.9,-4,3.2,9.4,19.8,333.1
2003,10,29,527,52941,19620,0,9.2,-2.3,2.2,9.7,12.9,346.1
2003,10,29,528,52941,19680,0,8,-1.7,5.9,10.1,36.1,348.2
2003,10,29,529,52941,19740,0,8.5,-2.1,5,10.1,29.5,345.9
2003,10,29,530,52941,19800,0,9.4,-2.7,3.8,10.5,21.2,343.9
2003,10,29,531,52941,19860,0,9.2,-2.3,4.4,10.5,24.6,345.8
2003,10,29,532,52941,19920,0,9.6,-3.8,4.6,11.3,24.1,338.6
2003,10,29,533,52941,19980,0,9.1,-3.2,4.2,10.5,23.7,340.4
2003,10,29,534,52941,20040,0,5.8,-7,2,9.3,12.6,309.9
2003,10,29,535,52941,20100,0,6.3,-6.4,4,9.8,23.8,314.7
2003,10,29,536,52941,20160,0,9.1,-6.8,0.9,11.4,4.3,323.4
2003,10,29,537,52941,20220,0,8.8,-3.9,3.9,10.4,22.1,336.1
2003,10,29,538,52941,20280,0,8.5,-4,2.5,9.7,15,334.8
2003,10,29,539,52941,20340,0,8.6,-3.8,1.8,9.5,11,336
2003,10,29,540,52941,20400,0,6.4,-1,8.3,10.5,52.1,350.9
2003,10,29,541,52941,20460,0,5.5,-3.3,7,9.5,47.3,328.7
2003,10,29,542,52941,20520,0,6.3,-4.7,2.3,8.2,16.2,323.2
2003,10,29,543,52941,20580,0,8.4,-0.8,-1.7,8.6,-11.6,354.9
2003,10,29,544,52941,20640,0,9.8,-2.8,1.4,10.3,7.8,344.2
2003,10,29,545,52941,20700,0,10.1,-0.3,0.9,10.1,5.2,358.4
2003,10,29,546,52941,20760,0,9.2,-4,-2,10.3,-11.3,336.4
2003,10,29,547,52941,20820,0,7.6,-6.5,-4,10.8,-21.8,319.4
2003,10,29,548,52941,20880,0,7.9,-1.8,-5.7,9.9,-35.3,347.3
2003,10,29,549,52941,20940,0,7.4,-4.4,-5.7,10.4,-33.6,329.6
2003,10,29,550,52941,21000,0,6.7,-1.5,-7.7,10.3,-48.2,347.3
2003,10,29,551,52941,21060,0,5.2,0.3,-9,10.4,-60.1,3.3
2003,10,29,552,52941,21120,0,8,-3.9,-9,12.6,-45.5,334
2003,10,29,553,52941,21180,0,9.8,0.1,-8.1,12.8,-39.6,0.6
2003,10,29,554,52941,21240,0,10.4,-3.2,-7.2,13.1,-33.3,342.8
2003,10,29,555,52941,21300,0,12.7,-2.8,-3.6,13.5,-15.3,347.7
2003,10,29,556,52941,21360,0,10.5,-7.7,2.6,13.3,11.2,323.7
2003,10,29,557,52941,21420,0,10.4,-7.6,4.6,13.7,19.7,323.6
2003,10,29,558,52941,21480,0,10.7,-6.7,4.1,13.3,17.9,328
2003,10,29,559,52941,21540,0,22.3,-27,-22.7,41.8,-32.9,309.6
2003,10,29,600,52941,21600,0,24.9,-14.9,-18.1,34.2,-31.9,329.1
2003,10,29,601,52941,21660,0,25.8,-20.7,-6.1,33.7,-10.4,321.3
2003,10,29,602,52941,21720,0,7.2,-37.5,4.6,38.4,6.8,280.9
2003,10,29,603,52941,21780,0,7.6,-25.4,4.5,26.9,9.7,286.7
2003,10,29,604,52941,21840,0,7.6,-24.3,5.7,26.1,12.6,287.3
2003,10,29,605,52941,21900,0,-4.2,-22.4,22.1,31.8,44.1,259.4
2003,10,29,606,52941,21960,0,-4.6,-24.3,19.2,31.4,37.8,259.2
2003,10,29,607,52941,22020,0,-4.1,-23.4,20.1,31.1,40.2,260
2003,10,29,608,52941,22080,0,-13.8,-28.1,15.7,35,26.7,243.8
2003,10,29,609,52941,22140,0,-12.1,-29.9,20.3,38.1,32.2,247.9
2003,10,29,610,52941,22200,0,-7.9,-24.7,18.6,31.9,35.6,252.2
2003,10,29,611,52941,22260,0,2.7,-20.4,16.8,26.6,39.3,277.6
2003,10,29,612,52941,22320,0,1.3,-25.4,19.4,32,37.4,272.9
2003,10,29,613,52941,22380,0,-14,-22.2,17.8,31.8,34.1,237.8
2003,10,29,614,52941,22440,0,-11.3,-26,18.7,34,33.4,246.5
2003,10,29,615,52941,22500,0,19.9,-31.9,16,40.9,23,301.9
2003,10,29,616,52941,22560,0,25.4,-31.5,5.2,40.7,7.3,308.9
2003,10,29,617,52941,22620,0,9.2,-25.2,6.4,27.6,13.5,290.1
2003,10,29,618,52941,22680,0,8.2,-31.6,8.8,33.8,15,284.6
2003,10,29,619,52941,22740,0,15,-28.1,-0,31.9,-0,298.1
2003,10,29,620,52941,22800,0,18,-15.6,-9.7,25.7,-22.2,319.1
2003,10,29,621,52941,22860,0,8.7,-15.9,-6.6,19.3,-20.1,298.8
2003,10,29,622,52941,22920,0,3.4,-23.5,1.1,23.8,2.6,278.2
2003,10,29,623,52941,22980,0,1.8,-29.7,0.5,29.8,1,273.4
2003,10,29,624,52941,23040,0,-5,-28,12.8,31.2,24.2,259.8
2003,10,29,625,52941,23100,0,-10,-25.5,8.2,28.6,16.7,248.6
2003,10,29,626,52941,23160,0,-19.3,-9.9,24,32.3,47.9,207.2
2003,10,29,627,52941,23220,0,-13.2,-26.9,11.9,32.2,21.7,243.9
2003,10,29,628,52941,23280,0,13.7,-54.9,-33.1,65.6,-30.3,284
2003,10,29,629,52941,23340,0,5.8,-52.3,-23.6,57.7,-24.2,276.3
2003,10,29,630,52941,23400,0,5.3,-53.2,-21.2,57.5,-21.6,275.7
2003,10,29,631,52941,23460,0,4.9,-58.5,-21.4,62.5,-20.1,274.8
2003,10,29,632,52941,23520,0,4,-61,-12.5,62.4,-11.5,273.7
2003,10,29,633,52941,23580,0,13,-50.1,-30.5,60.1,-30.5,284.6
2003,10,29,634,52941,23640,0,27.8,-0.2,-49.7,56.9,-60.8,359.6
2003,10,29,635,52941,23700,0,24.5,27.9,-39.3,54.1,-46.6,48.7
2003,10,29,636,52941,23760,0,24,29.8,-34.6,51.6,-42.1,51.1
2003,10,29,637,52941,23820,0,29.1,18.2,-40.8,53.3,-49.9,31.9
2003,10,29,638,52941,23880,0,25.3,-5.8,-26,36.8,-45,347.1
2003,10,29,639,52941,23940,0,27,-12.2,-30.7,42.7,-46,335.6
2003,10,29,640,52941,24000,0,25.8,-9.7,-36.7,45.9,-53.1,339.4
2003,10,29,641,52941,24060,0,-1.2,0.1,-6.1,6.3,-79,173.9
2003,10,29,642,52941,24120,0,16.4,-13.3,-33.8,39.8,-58,320.9
2003,10,29,643,52941,24180,0,9.4,1.6,-20.7,22.8,-65.2,9.6
2003,10,29,644,52941,24240,0,-0.1,6.6,0.6,6.7,5.3,90.9
2003,10,29,645,52941,24300,0,-14.7,23.9,26.6,38.7,43.5,121.5
2003,10,29,646,52941,24360,0,-11.7,26.2,32.3,43.2,48.4,114.1
2003,10,29,647,52941,24420,0,-15,31.2,33.4,48.1,44,115.6
2003,10,29,648,52941,24480,0,-11.7,36,31.7,49.4,40,108
2003,10,29,649,52941,24540,0,-10.7,27.5,18.5,34.9,32,111.3
2003,10,29,650,52941,24600,0,-8.3,22.4,7.2,24.9,16.9,110.4
2003,10,29,651,52941,24660,0,-6.8,24.1,12.3,27.9,26.2,105.9
2003,10,29,652,52941,24720,0,-8.8,29,16.1,34.3,27.9,106.8
2003,10,29,653,52941,24780,0,-7.1,19.6,8,22.3,20.9,110
2003,10,29,654,52941,24840,0,-7.5,21.7,13.3,26.5,30.1,109.1
2003,10,29,655,52941,24900,0,-2.3,20.5,-8.4,22.3,-22.1,96.4
2003,10,29,656,52941,24960,0,-1,20.3,-10.7,23,-27.7,92.9
2003,10,29,657,52941,25020,0,0.3,10.9,-9.8,14.7,-42,88.4
2003,10,29,658,52941,25080,0,2.1,7.9,-9.6,12.6,-49.5,75.2
2003,10,29,659,52941,25140,0,3.5,-7.3,-1.8,8.2,-12.9,295.4
2003,10,29,700,52941,25200,0,8.3,3.9,-21,22.9,-66.3,25.1
2003,10,29,701,52941,25260,0,3.9,17.1,-16.5,24.1,-43.2,77.2
2003,10,29,702,52941,25320,0,5.4,16.7,-15.4,23.3,-41.2,71.9
2003,10,29,703,52941,25380,0,3.6,17.1,-12.4,21.4,-35.3,78.2
2003,10,29,704,52941,25440,0,1.5,21.1,-9.2,23.1,-23.6,86
2003,10,29,705,52941,25500,0,3,19.7,-7,21.2,-19.3,81.4
2003,10,29,706,52941,25560,0,11.6,14.6,-5.4,19.4,-16.1,51.4
2003,10,29,707,52941,25620,0,1.2,15.2,-13.7,20.5,-42,85.5
2003,10,29,708,52941,25680,0,8.1,13.9,-16.5,23.1,-45.7,59.7
2003,10,29,709,52941,25740,0,12.4,10.2,-10.9,19.4,-34.3,39.5
2003,10,29,710,52941,25800,0,3.7,14,-10.4,17.8,-35.7,75.2
2003,10,29,711,52941,25860,0,-1.1,14.6,-11.5,18.6,-38.1,94.3
2003,10,29,712,52941,25920,0,11.4,10.9,-1.4,15.8,-5.1,43.6
2003,10,29,713,52941,25980,0,3.7,16.7,-6.7,18.4,-21.4,77.3
2003,10,29,714,52941,26040,0,16.3,11.2,-7.2,21.1,-20,34.6
2003,10,29,715,52941,26100,0,7.4,12,-17.2,22.3,-50.6,58.5
2003,10,29,716,52941,26160,0,15.3,3.7,-14.4,21.3,-42.6,13.5
2003,10,29,717,52941,26220,0,8.1,10.1,-14.7,19.6,-48.7,51.1
2003,10,29,718,52941,26280,0,3.2,8.5,-9.7,13.2,-47,69.4
2003,10,29,719,52941,26340,0,-5,12.6,-7.9,15.7,-30.1,111.6
2003,10,29,720,52941,26400,0,-14.1,15.4,9.5,22.9,24.3,132.3
2003,10,29,721,52941,26460,9,-14.0078125,14.9453125,9.3234375,22.7921875,23.8203125,133.96875
2003,10,29,722,52941,26520,9,-13.915625,14.490625,9.146875,22.684375,23.340625,135.6375
2003,10,29,723,52941,26580,9,-13.8234375,14.0359375,8.9703125,22.5765625,22.8609375,137.30625
2003,10,29,724,52941,26640,9,-13.73125,13.58125,8.79375,22.46875,22.38125,138.975
2003,10,29,725,52941,26700,9,-13.6390625,13.1265625,8.6171875,22.3609375,21.9015625,140.64375
2003,10,29,726,52941,26760,9,-13.546875,12.671875,8.440625,22.253125,21.421875,142.3125
2003,10,29,727,52941,26820,9,-13.4546875,12.2171875,8.2640625,22.1453125,20.9421875,143.98125
2003,10,29,728,52941,26880,9,-13.3625,11.7625,8.0875,22.0375,20.4625,145.65
2003,10,29,729,52941,26940,9,-13.2703125,11.3078125,7.9109375,21.9296875,19.9828125,147.31875
2003,10,29,730,52941,27000,9,-13.178125,10.853125,7.734375,21.821875,19.503125,148.9875
2003,10,29,731,52941,27060,9,-13.0859375,10.3984375,7.5578125,21.7140625,19.0234375,150.65625
2003,10,29,732,52941,27120,9,-12.99375,9.94375,7.38125,21.60625,18.54375,152.325
2003,10,29,733,52941,27180,9,-12.9015625,9.4890625,7.2046875,21.4984375,18.0640625,153.99375
2003,10,29,734,52941,27240,9,-12.809375,9.034375,7.028125,21.390625,17.584375,155.6625
2003,10,29,735,52941,27300,9,-12.7171875,8.5796875,6.8515625,21.2828125,17.1046875,157.33125
2003,10,29,736,52941,27360,9,-12.625,8.125,6.675,21.175,16.625,159
2003,10,29,737,52941,27420,9,-12.5328125,7.6703125,6.4984375,21.0671875,16.1453125,160.66875
2003,10,29,738,52941,27480,9,-12.440625,7.215625,6.321875,20.959375,15.665625,162.3375
2003,10,29,739,52941,27540,9,-12.3484375,6.7609375,6.1453125,20.8515625,15.1859375,164.00625
2003,10,29,740,52941,27600,9,-12.25625,6.30625,5.96875,20.74375,14.70625,165.675
2003,10,29,741,52941,27660,9,-12.1640625,5.8515625,5.7921875,20.6359375,14.2265625,167.34375
2003,10,29,742,52941,27720,9,-12.071875,5.396875,5.615625,20.528125,13.746875,169.0125
2003,10,29,743,52941,27780,9,-11.9796875,4.9421875,5.4390625,20.4203125,13.2671875,170.68125
2003,10,29,744,52941,27840,9,-11.8875,4.4875,5.2625,20.3125,12.7875,172.35
2003,10,29,745,52941,27900,9,-11.7953125,4.0328125,5.0859375,20.2046875,12.3078125,174.01875
2003,10,29,746,52941,27960,9,-11.703125,3.578125,4.909375,20.096875,11.828125,175.6875
2003,10,29,747,52941,28020,9,-11.6109375,3.1234375,4.7328125,19.9890625,11.3484375,177.35625
2003,10,29,748,52941,28080,9,-11.51875,2.66875,4.55625,19.88125,10.86875,179.025
2003,10,29,749,52941,28140,9,-11.4265625,2.2140625,4.3796875,19.7734375,10.3890625,180.69375
2003,10,29,750,52941,28200,9,-11.334375,1.759375,4.203125,19.665625,9.909375,182.3625
2003,10,29,751,52941,28260,9,-11.2421875,1.3046875,4.0265625,19.5578125,9.4296875,184.03125
2003,10,29,752,52941,28320,9,-11.15,0.850000000000001,3.85,19.45,8.95,185.7
2003,10,29,753,52941,28380,9,-11.0578125,0.395312500000001,3.6734375,19.3421875,8.4703125,187.36875
2003,10,29,754,52941,28440,9,-10.965625,-0.0593749999999993,3.496875,19.234375,7.990625,189.0375
2003,10,29,755,52941,28500,9,-10.8734375,-0.5140625,3.3203125,19.1265625,7.5109375,190.70625
2003,10,29,756,52941,28560,9,-10.78125,-0.96875,3.14375,19.01875,7.03125,192.375
2003,10,29,757,52941,28620,9,-10.6890625,-1.4234375,2.9671875,18.9109375,6.5515625,194.04375
2003,10,29,758,52941,28680,9,-10.596875,-1.878125,2.790625,18.803125,6.071875,195.7125
2003,10,29,759,52941,28740,9,-10.5046875,-2.3328125,2.6140625,18.6953125,5.5921875,197.38125
2003,10,29,800,52941,28800,9,-10.4125,-2.7875,2.4375,18.5875,5.1125,199.05
2003,10,29,801,52941,28860,9,-10.3203125,-3.2421875,2.2609375,18.4796875,4.6328125,200.71875
2003,10,29,802,52941,28920,9,-10.228125,-3.696875,2.084375,18.371875,4.153125,202.3875
2003,10,29,803,52941,28980,9,-10.1359375,-4.1515625,1.9078125,18.2640625,3.6734375,204.05625
2003,10,29,804,52941,29040,9,-10.04375,-4.60625,1.73125,18.15625,3.19375,205.725
2003,10,29,805,52941,29100,9,-9.9515625,-5.0609375,1.5546875,18.0484375,2.7140625,207.39375
2003,10,29,806,52941,29160,9,-9.859375,-5.515625,1.378125,17.940625,2.234375,209.0625
2003,10,29,807,52941,29220,9,-9.7671875,-5.9703125,1.2015625,17.8328125,1.7546875,210.73125
2003,10,29,808,52941,29280,9,-9.675,-6.425,1.025,17.725,1.275,212.4
2003,10,29,809,52941,29340,9,-9.5828125,-6.8796875,0.8484375,17.6171875,0.7953125,214.06875
2003,10,29,810,52941,29400,9,-9.490625,-7.334375,0.671875,17.509375,0.315625,215.7375
2003,10,29,811,52941,29460,9,-9.3984375,-7.7890625,0.4953125,17.4015625,-0.1640625,217.40625
2003,10,29,812,52941,29520,9,-9.30625,-8.24375,0.31875,17.29375,-0.64375,219.075
2003,10,29,813,52941,29580,9,-9.2140625,-8.6984375,0.1421875,17.1859375,-1.1234375,220.74375
2003,10,29,814,52941,29640,9,-9.121875,-9.153125,-0.034375,17.078125,-1.603125,222.4125
2003,10,29,815,52941,29700,9,-9.0296875,-9.6078125,-0.2109375,16.9703125,-2.0828125,224.08125
2003,10,29,816,52941,29760,9,-8.9375,-10.0625,-0.3875,16.8625,-2.5625,225.75
2003,10,29,817,52941,29820,9,-8.8453125,-10.5171875,-0.5640625,16.7546875,-3.0421875,227.41875
2003,10,29,818,52941,29880,9,-8.753125,-10.971875,-0.740625,16.646875,-3.521875,229.0875
2003,10,29,819,52941,29940,9,-8.6609375,-11.4265625,-0.9171875,16.5390625,-4.0015625,230.75625
2003,10,29,820,52941,30000,9,-8.56875,-11.88125,-1.09375,16.43125,-4.48125,232.425
2003,10,29,821,52941,30060,9,-8.4765625,-12.3359375,-1.2703125,16.3234375,-4.9609375,234.09375
2003,10,29,822,52941,30120,9,-8.384375,-12.790625,-1.446875,16.215625,-5.440625,235.7625
2003,10,29,823,52941,30180,9,-8.2921875,-13.2453125,-1.6234375,16.1078125,-5.9203125,237.43125
2003,10,29,824,52941,30240,0,-8.2,-13.7,-1.8,16,-6.4,239.1
2003,10,29,825,52941,30300,0,-7.1,-17.2,-1.7,18.7,-5.1,247.7
2003,10,29,826,52941,30360,0,-7,-17.9,-1.5,19.3,-4.4,248.7
2003,10,29,827,52941,30420,0,-2.9,-19.2,-2.2,19.5,-6.4,261.4
2003,10,29,828,52941,30480,0,2.9,-21.2,-6,22.3,-15.6,277.8
2003,10,29,829,52941,30540,0,-2.8,-20.2,-3.6,20.7,-10.1,262.2
2003,10,29,830,52941,30600,0,-12.2,-13.8,6.8,19.6,20.4,228.5
2003,10,29,831,52941,30660,0,-5.2,-19.9,2.3,20.7,6.3,255.3
2003,10,29,832,52941,30720,0,4.3,-19.5,-3.6,20.3,-10.2,282.4
2003,10,29,833,52941,30780,0,8.2,-7.9,-11.5,16.2,-45.3,315.9
2003,10,29,834,52941,30840,0,9,-10.8,-12.5,18.8,-41.5,309.8
2003,10,29,835,52941,30900,0,8.6,-10.2,-13.1,18.7,-44.4,309.9
2003,10,29,836,52941,30960,0,7.2,-14.6,-11.9,20.2,-36.2,296.2
2003,10,29,837,52941,31020,0,7,-15.5,-12.9,21.4,-37.3,294.2
2003,10,29,838,52941,31080,0,4.8,-18.3,-8.5,20.8,-24,284.8
2003,10,29,839,52941,31140,0,2.5,-20.8,-9.3,23,-23.8,276.9
2003,10,29,840,52941,31200,0,3.1,-25.2,-13,28.5,-27.2,277
2003,10,29,841,52941,31260,0,-5.5,-28.8,-0.3,29.4,-0.5,259.2
2003,10,29,842,52941,31320,0,-16.9,-14.7,13.7,26.3,31.5,221
2003,10,29,843,52941,31380,0,-22.4,-6.7,17.3,29.1,36.5,196.7
2003,10,29,844,52941,31440,0,-22.7,-13.8,18.7,32.5,35.1,211.2
2003,10,29,845,52941,31500,0,-21.9,-23,18,36.5,29.6,226.4
2003,10,29,846,52941,31560,0,-20.6,-22.7,18.6,35.9,31.2,227.8
2003,10,29,847,52941,31620,0,-20.1,-21.2,19.4,35.1,33.5,226.6
2003,10,29,848,52941,31680,0,-20.4,-20.8,18.6,34.6,32.6,225.6
2003,10,29,849,52941,31740,0,-19.8,-21.6,19.9,35.4,34.3,227.5
2003,10,29,850,52941,31800,0,-21.5,-22.8,18.1,36.2,30,226.6
2003,10,29,851,52941,31860,0,-21.9,-22.3,16.4,35.3,27.7,225.5
2003,10,29,852,52941,31920,0,-20.5,-22,16.8,34.4,29.2,226.9
2003,10,29,853,52941,31980,0,-18.3,-23.2,18.5,34.8,32.2,231.7
2003,10,29,854,52941,32040,0,-18.9,-23.4,17.4,34.8,30.1,231.1
2003,10,29,855,52941,32100,0,-19.4,-24,17.1,35.3,29,231
2003,10,29,856,52941,32160,0,-19.4,-25.7,17,36.3,27.8,233
2003,10,29,857,52941,32220,0,-19.9,-24.7,17.1,36.1,28.3,231.1
2003,10,29,858,52941,32280,0,-21.4,-23.1,17.8,36.2,29.4,227.2
2003,10,29,859,52941,32340,0,-22.3,-22.5,18.4,36.6,30.1,225.1
2003,10,29,900,52941,32400,0,-21.6,-22.7,18,36.2,29.8,226.4
2003,10,29,901,52941,32460,0,-23.6,-17.6,18.6,34.8,32.3,216.7
2003,10,29,902,52941,32520,0,-24.6,-12.9,16.8,32.5,31.2,207.7
2003,10,29,903,52941,32580,0,-18.2,-17.5,17.2,30.5,34.2,223.7
2003,10,29,904,52941,32640,0,-19.4,-14.3,18.8,30.6,38,216.3
2003,10,29,905,52941,32700,0,-19.7,-13.5,16.5,29,34.7,214.4
2003,10,29,906,52941,32760,0,-16.5,-20.3,13.1,29.2,26.6,230.8
2003,10,29,907,52941,32820,0,-16.1,-19.1,12.8,28.1,27.1,229.9
2003,10,29,908,52941,32880,0,-22.4,-9.3,12.4,27.2,27.1,202.5
2003,10,29,909,52941,32940,0,-22.5,-9.6,12.4,27.4,26.8,203.1
2003,10,29,910,52941,33000,0,-22,-10.3,12.5,27.3,27.2,205.1
2003,10,29,911,52941,33060,0,-22.7,-9.2,14.1,28.2,29.8,202.2
2003,10,29,912,52941,33120,0,-23,-11.4,15.7,30.1,31.3,206.4
2003,10,29,913,52941,33180,0,-22.8,-13.3,14.7,30.2,29.2,210.2
2003,10,29,914,52941,33240,0,-22.5,-15.4,13.5,30.5,26.4,214.4
2003,10,29,915,52941,33300,0,-20.2,-16.1,16.2,30.5,32.1,218.6
2003,10,29,916,52941,33360,0,-20.4,-16,15,30,30.1,218
2003,10,29,917,52941,33420,0,-19.5,-14.5,15.4,28.8,32.4,216.5
2003,10,29,918,52941,33480,0,-15.4,-17.5,15.1,27.8,32.9,228.8
2003,10,29,919,52941,33540,0,-12.7,-15.6,13.7,24.4,34.2,230.9
2003,10,29,920,52941,33600,0,-16.6,-16.2,16.2,28.3,34.9,224.2
2003,10,29,921,52941,33660,0,-18.2,-13.4,17.8,28.8,38.2,216.3
2003,10,29,922,52941,33720,0,-17.9,-11.3,18.9,28.4,41.8,212.3
2003,10,29,923,52941,33780,0,-18.7,-8.7,20.2,28.8,44.4,205
2003,10,29,924,52941,33840,0,-20.6,-11.8,17.4,29.4,36.3,209.8
2003,10,29,925,52941,33900,0,-19.5,-9.7,18.8,28.8,40.7,206.3
2003,10,29,926,52941,33960,0,-17.2,-7,18.1,25.9,44.3,202.1
2003,10,29,927,52941,34020,0,-19.5,-10.2,19.6,29.5,41.8,207.6
2003,10,29,928,52941,34080,0,-20.5,-12.2,19.1,30.6,38.7,210.6
2003,10,29,929,52941,34140,0,-20.4,-11.9,19.4,30.6,39.3,210.3
2003,10,29,930,52941,34200,0,-22,-11.4,22.2,33.3,41.8,207.4
2003,10,29,931,52941,34260,0,-22.4,-13,21.5,33.7,39.6,210.1
2003,10,29,932,52941,34320,0,-22.8,-12.1,22.8,34.4,41.5,207.9
2003,10,29,933,52941,34380,0,-22.6,-10.6,23.7,34.4,43.5,205.2
2003,10,29,934,52941,34440,0,-22.3,-10.8,23.5,34.2,43.5,205.9
2003,10,29,935,52941,34500,0,-22.2,-10.2,23.7,34.1,44.1,204.6
2003,10,29,936,52941,34560,0,-21.8,-9.7,23.7,33.6,44.8,203.8
2003,10,29,937,52941,34620,0,-21.5,-8.2,23.6,33,45.8,201
2003,10,29,938,52941,34680,0,-20.8,-9,24.9,33.7,47.7,203.4
2003,10,29,939,52941,34740,0,-20.9,-7.1,25,33.4,48.6,198.7
2003,10,29,940,52941,34800,0,-18.4,-4.3,25.1,31.5,53,193.2
2003,10,29,941,52941,34860,0,-15.9,-2,23.7,28.6,56,187.1
2003,10,29,942,52941,34920,0,-14.8,0.4,17.7,23.1,50.1,178.5
2003,10,29,943,52941,34980,0,-14.1,2.6,16.4,21.8,48.8,169.7
2003,10,29,944,52941,35040,0,-14.7,2,19.6,24.6,52.8,172.3
2003,10,29,945,52941,35100,0,-14.6,-1,19.9,24.7,53.7,183.8
2003,10,29,946,52941,35160,0,-14,0.4,19.8,24.3,54.6,178.2
2003,10,29,947,52941,35220,0,-15.2,0.2,19.6,24.8,52.2,179.1
2003,10,29,948,52941,35280,0,-14.6,-2,21,25.6,55,187.8
2003,10,29,949,52941,35340,0,-14.8,-1.5,18.3,23.6,50.9,185.6
2003,10,29,950,52941,35400,0,-14.3,-4.9,17.2,22.9,48.8,198.8
2003,10,29,951,52941,35460,0,-14.2,-0.4,20.4,24.9,55.1,181.5
2003,10,29,952,52941,35520,0,-14.1,1.4,19.1,23.8,53.5,174.2
2003,10,29,953,52941,35580,0,-15.3,-2.2,17.6,23.5,48.7,188.2
2003,10,29,954,52941,35640,0,-15.7,-1.3,15.2,21.9,44,184.8
2003,10,29,955,52941,35700,0,-15.4,-4.6,16.3,22.9,45.6,196.6
2003,10,29,956,52941,35760,0,-15.3,-7.4,16,23.3,43.3,205.7
2003,10,29,957,52941,35820,0,-16.2,-5.8,14.9,22.8,40.9,199.8
2003,10,29,958,52941,35880,0,-14.1,-4.6,13.3,19.9,42,198.2
2003,10,29,959,52941,35940,0,-16.5,-7.2,14.7,23.2,39.4,203.5
2003,10,29,1000,52941,36000,0,-15.5,-7.8,13.9,22.2,38.8,206.9
2003,10,29,1001,52941,36060,0,-14.6,-7.9,12.8,21,37.7,208.6
2003,10,29,1002,52941,36120,0,-15.8,-10,11.7,22.1,32,212.4
2003,10,29,1003,52941,36180,0,-13.1,-9.7,8.5,18.4,27.6,216.5
2003,10,29,1004,52941,36240,0,-8.5,-16.2,0.8,18.3,2.5,242.4
2003,10,29,1005,52941,36300,0,-6.7,-16.8,-2.5,18.2,-7.9,248.2
2003,10,29,1006,52941,36360,0,9,-13.5,-9.4,18.7,-30.2,303.6
2003,10,29,1007,52941,36420,0,9,-16.2,-14.1,23.3,-37.4,299
2003,10,29,1008,52941,36480,0,11.5,-14.6,-16.2,24.7,-41.1,308.2
2003,10,29,1009,52941,36540,0,10.8,-8.9,-16.5,21.7,-49.7,320.4
2003,10,29,1010,52941,36600,0,4.5,-13.8,-7.9,16.5,-28.4,288
2003,10,29,1011,52941,36660,0,-12,-9.5,12.1,19.5,38.4,218.3
2003,10,29,1012,52941,36720,0,-16.6,-10.7,17.8,26.6,42,212.6
2003,10,29,1013,52941,36780,0,-20.7,-10.3,23.1,32.7,45,206.6
2003,10,29,1014,52941,36840,0,-22.6,-7.2,20.8,31.5,41.3,197.6
2003,10,29,1015,52941,36900,0,-24,-8.6,23.7,34.8,42.9,199.8
2003,10,29,1016,52941,36960,0,-24.8,-9,24.6,36.1,43,200
2003,10,29,1017,52941,37020,0,-24.2,-10.7,24.6,36.1,42.9,203.9
2003,10,29,1018,52941,37080,0,-23.4,-11.7,24.8,36,43.5,206.5
2003,10,29,1019,52941,37140,0,-22.2,-13.3,24.9,35.9,44,210.9
2003,10,29,1020,52941,37200,0,-22,-10.2,25.3,35,46.3,204.8
2003,10,29,1021,52941,37260,0,-22,-11.9,23.9,34.6,43.8,208.3
2003,10,29,1022,52941,37320,0,-21.1,-12.7,22.9,33.7,42.9,211
2003,10,29,1023,52941,37380,0,-19.9,-11.2,22.7,32.2,44.8,209.3
2003,10,29,1024,52941,37440,0,-18.7,-9.3,20.1,29,44,206.3
2003,10,29,1025,52941,37500,0,-16.5,-8.2,23.1,29.5,51.4,206.5
2003,10,29,1026,52941,37560,0,-17.1,-9.9,21.1,29,46.9,209.9
2003,10,29,1027,52941,37620,0,-16,-10.1,18.8,26.6,44.9,212.2
2003,10,29,1028,52941,37680,0,-15.4,-9.2,18.6,25.8,46,210.9
2003,10,29,1029,52941,37740,0,-14.4,-8.2,17.5,24.1,46.5,209.7
2003,10,29,1030,52941,37800,0,-14,-8.4,15.9,22.8,44.2,210.9
2003,10,29,1031,52941,37860,0,-14.8,-9.9,15,23.2,40.1,213.8
2003,10,29,1032,52941,37920,0,-10.7,1.2,19,21.9,60.4,173.7
2003,10,29,1033,52941,37980,0,-6.4,6.7,20.6,22.6,65.8,133.6
2003,10,29,1034,52941,38040,0,-9.4,7.1,20.8,23.9,60.5,143
2003,10,29,1035,52941,38100,0,-9,5.6,22,24.4,64.2,147.9
2003,10,29,1036,52941,38160,0,-6.8,7.2,25,26.9,68.4,133.2
2003,10,29,1037,52941,38220,0,-9.4,5.6,26.5,28.6,67.6,149.1
2003,10,29,1038,52941,38280,0,-9.6,6.9,26.2,28.7,65.8,144.3
2003,10,29,1039,52941,38340,0,-8.3,7.4,25.3,27.6,66.3,138.6
2003,10,29,1040,52941,38400,0,-7.3,7.7,23.6,25.8,65.8,133.7
2003,10,29,1041,52941,38460,0,-9.8,3.3,19.6,22.2,62.2,161.3
2003,10,29,1042,52941,38520,0,-11.9,-0.1,19.2,22.6,58.1,180.6
2003,10,29,1043,52941,38580,0,-10.4,-0.5,18.1,20.9,60.1,182.8
2003,10,29,1044,52941,38640,0,-9.9,-1.3,17,19.7,59.4,187.4
2003,10,29,1045,52941,38700,0,-10.2,-0.8,16.6,19.6,58.3,184.4
2003,10,29,1046,52941,38760,0,-9.9,-3.6,15.1,18.4,55.1,199.7
2003,10,29,1047,52941,38820,0,-8.5,-7,13.1,17.1,49.8,219.4
2003,10,29,1048,52941,38880,0,-7.4,-12.3,11.9,18.6,39.6,239.2
2003,10,29,1049,52941,38940,0,-6.1,-4.5,15.2,16.9,63.6,216.4
2003,10,29,1050,52941,39000,0,-5.2,-3.6,13.3,14.8,64.5,214.8
2003,10,29,1051,52941,39060,0,-7.7,-3,17,18.9,64.2,201.5
2003,10,29,1052,52941,39120,0,-11.6,-9.6,17,22.8,48.4,219.6
2003,10,29,1053,52941,39180,0,-9.8,-4.7,14,17.7,52,205.6
2003,10,29,1054,52941,39240,0,-7.8,0.2,12.6,14.8,58.2,178.4
2003,10,29,1055,52941,39300,0,-12.4,-6.7,16.9,22,50.1,208.5
2003,10,29,1056,52941,39360,0,-10.9,-9,18.3,23.1,52.2,219.5
2003,10,29,1057,52941,39420,0,-11.1,-0.2,16.7,20,56.3,181.2
2003,10,29,1058,52941,39480,0,-11.3,-1.4,18.4,21.6,58.3,187.1
2003,10,29,1059,52941,39540,0,-13.6,-6,18.8,24,51.7,203.6
2003,10,29,1100,52941,39600,0,-14.8,-7,18.6,24.8,48.7,205.2
2003,10,29,1101,52941,39660,0,-13.4,-9.6,20.7,26.4,51.4,215.7
2003,10,29,1102,52941,39720,0,-12,-12.7,18.6,25.6,46.8,226.6
2003,10,29,1103,52941,39780,0,-14.6,-16.3,17.7,28.2,38.9,228.2
2003,10,29,1104,52941,39840,0,-11.5,-9.3,24.9,29,59.3,218.9
2003,10,29,1105,52941,39900,0,-12,-17.7,18,27.9,40.1,235.9
2003,10,29,1106,52941,39960,0,-13.3,-22.3,16.5,30.7,32.4,239.1
2003,10,29,1107,52941,40020,0,-16.4,-19.1,18.4,31.2,36.2,229.3
2003,10,29,1108,52941,40080,0,-16.1,-16.9,20,30.8,40.5,226.4
2003,10,29,1109,52941,40140,0,-14.5,-16.5,21.9,31,44.9,228.6
2003,10,29,1110,52941,40200,0,-12.5,-16.9,22.7,30.9,47.3,233.5
2003,10,29,1111,52941,40260,0,-12.3,-14.6,24.3,30.9,51.8,229.7
2003,10,29,1112,52941,40320,0,-12.8,-12.1,25,30.6,54.9,223.5
2003,10,29,1113,52941,40380,0,-12.2,-11.1,24.1,29.2,55.6,222.3
2003,10,29,1114,52941,40440,0,-9.9,-16.6,22.2,29.4,48.9,239.2
2003,10,29,1115,52941,40500,0,-8.8,-18.7,20,28.8,44.1,244.9
2003,10,29,1116,52941,40560,0,-19.7,-9.2,20.2,29.7,42.8,205.1
2003,10,29,1117,52941,40620,0,-28,-3.2,22.3,35.9,38.3,186.4
2003,10,29,1118,52941,40680,0,-27,-5.1,23.6,36.2,40.6,190.7
2003,10,29,1119,52941,40740,0,-26.3,-7.2,25.4,37.3,43,195.3
2003,10,29,1120,52941,40800,0,-25.7,-7.6,24.6,36.4,42.6,196.5
2003,10,29,1121,52941,40860,0,-25.9,-9,25.8,37.7,43.2,199.2
2003,10,29,1122,52941,40920,0,-25.9,-8.3,26.3,37.8,44,197.8
2003,10,29,1123,52941,40980,0,-24.9,-8.8,26.2,37.2,44.8,199.4
2003,10,29,1124,52941,41040,0,-23.8,-10.1,26.1,36.7,45.3,202.9
2003,10,29,1125,52941,41100,0,-21.4,-12.3,27.3,36.8,47.9,209.8
2003,10,29,1126,52941,41160,0,-20.5,-13.1,27.3,36.6,48.3,212.6
2003,10,29,1127,52941,41220,0,-20,-14,27,36.4,48,215
2003,10,29,1128,52941,41280,0,-20.9,-13,27.5,36.9,48.1,211.8
2003,10,29,1129,52941,41340,0,-20.8,-12.7,27.2,36.6,48.2,211.4
2003,10,29,1130,52941,41400,0,-21.2,-12.9,27.1,36.7,47.4,211.4
2003,10,29,1131,52941,41460,0,-22.2,-13.2,28.2,38.3,47.5,210.8
2003,10,29,1132,52941,41520,0,-22.1,-13.7,28.2,38.3,47.3,211.8
2003,10,29,1133,52941,41580,0,-21.7,-14.8,27.5,38.1,46.3,214.3
2003,10,29,1134,52941,41640,0,-22.4,-15.2,26.4,37.7,44.3,214.1
2003,10,29,1135,52941,41700,0,-22.5,-15.4,26,37.6,43.6,214.5
2003,10,29,1136,52941,41760,0,-22.1,-15.1,26.8,37.8,45,214.4
2003,10,29,1137,52941,41820,0,-22.2,-15.8,27.1,38.4,44.9,215.5
2003,10,29,1138,52941,41880,0,-22.3,-15,27,38.1,45.2,214
2003,10,29,1139,52941,41940,0,-21.7,-15.3,27.2,38,45.6,215.3
2003,10,29,1140,52941,42000,0,-21.9,-15.6,26.9,38,45,215.5
2003,10,29,1141,52941,42060,0,-21.5,-15.4,26.8,37.6,45.4,215.5
2003,10,29,1142,52941,42120,0,-21,-15.5,26.8,37.5,45.8,216.4
2003,10,29,1143,52941,42180,0,-21.1,-15.9,26.5,37.4,45,217
2003,10,29,1144,52941,42240,0,-20.1,-15.7,27,37.1,46.6,217.9
2003,10,29,1145,52941,42300,0,-20.7,-15.5,26.4,37,45.6,216.9
2003,10,29,1146,52941,42360,0,-19.2,-16.7,27.3,37.4,47,221
2003,10,29,1147,52941,42420,0,-19.3,-16.6,27.4,37.4,47.2,220.7
2003,10,29,1148,52941,42480,0,-19,-17.7,28,38.2,47.2,223
2003,10,29,1149,52941,42540,0,-19.9,-16,28.1,37.9,47.8,218.8
2003,10,29,1150,52941,42600,0,-18.4,-16.5,28.3,37.6,48.8,221.9
2003,10,29,1151,52941,42660,0,-18.4,-18.9,26.1,37.1,44.6,225.8
2003,10,29,1152,52941,42720,0,-19.2,-18.9,25.8,37.3,43.8,224.7
2003,10,29,1153,52941,42780,0,-24.3,-5.7,24.9,35.2,45,193.2
2003,10,29,1154,52941,42840,0,-25.2,-10.5,25.2,37.2,42.6,202.7
2003,10,29,1155,52941,42900,0,-25.7,-9.9,25.2,37.3,42.5,201.1
2003,10,29,1156,52941,42960,0,-25.4,-8.4,26.1,37.4,44.2,198.3
2003,10,29,1157,52941,43020,0,-22.9,-15.4,24.8,37.1,41.9,213.8
2003,10,29,1158,52941,43080,0,-19,-18.9,26.5,37.6,44.7,224.8
2003,10,29,1159,52941,43140,0,-20.3,-17.4,27,38,45.3,220.5
2003,10,29,1200,52941,43200,0,-23.7,-16.2,26.1,38.8,42.3,214.5
2003,10,29,1201,52941,43260,0,-24.2,-16.4,26.3,39.3,41.9,214.1
2003,10,29,1202,52941,43320,0,-23.9,-16.3,25,38.3,40.8,214.3
2003,10,29,1203,52941,43380,0,-23.7,-14.4,25.2,37.5,42.3,211.2
2003,10,29,1204,52941,43440,0,-25.5,-14.2,24,37.8,39.5,209.2
2003,10,29,1205,52941,43500,0,-24.6,-15.7,24.1,37.8,39.6,212.5
2003,10,29,1206,52941,43560,0,-23.9,-17.2,23.6,37.8,38.7,215.7
2003,10,29,1207,52941,43620,0,-21.1,-20,24.7,38.1,40.4,223.5
2003,10,29,1208,52941,43680,0,-23.3,-18.9,24,38.4,38.6,219
2003,10,29,1209,52941,43740,0,-20.3,-18.7,26.3,38.1,43.6,222.6
2003,10,29,1210,52941,43800,0,-24.1,-17.6,24.4,38.5,39.2,216.1
2003,10,29,1211,52941,43860,0,-23.7,-17.6,23.6,37.8,38.6,216.7
2003,10,29,1212,52941,43920,0,-24.7,-17.5,22.7,37.8,36.8,215.3
2003,10,29,1213,52941,43980,0,-24.6,-15.8,23.4,37.4,38.6,212.7
2003,10,29,1214,52941,44040,0,-26.3,-14.3,23.5,38.1,38.2,208.5
2003,10,29,1215,52941,44100,0,-27.7,-13.3,22.7,38.2,36.5,205.7
2003,10,29,1216,52941,44160,0,-27.2,-13.5,23.1,38.2,37.3,206.3
2003,10,29,1217,52941,44220,0,-27.5,-11.6,23.3,37.8,38,202.9
2003,10,29,1218,52941,44280,0,-27.4,-11.4,23.2,37.7,38.1,202.6
2003,10,29,1219,52941,44340,0,-26.1,-11.3,25,37.9,41.3,203.4
2003,10,29,1220,52941,44400,0,-25.6,-9.1,25.8,37.5,43.5,199.5
2003,10,29,1221,52941,44460,0,-26.2,-9.2,25.1,37.4,42.1,199.4
2003,10,29,1222,52941,44520,0,-24.4,-10,26.1,37.1,44.7,202.4
2003,10,29,1223,52941,44580,0,-27.2,-10.3,23.4,37.3,38.9,200.8
2003,10,29,1224,52941,44640,0,-28,-10.4,22.9,37.6,37.4,200.4
2003,10,29,1225,52941,44700,0,-26.6,-10.7,23.7,37.2,39.6,202
2003,10,29,1226,52941,44760,0,-31.8,-5.5,20.2,38.1,32,189.7
2003,10,29,1227,52941,44820,0,-33.7,-4,18.2,38.5,28.3,186.8
2003,10,29,1228,52941,44880,0,-32.7,-5,19.1,38.2,30,188.7
2003,10,29,1229,52941,44940,0,-33.2,-3.6,18.9,38.4,29.5,186.1
2003,10,29,1230,52941,45000,0,-33,-1.3,18.9,38,29.7,182.3
2003,10,29,1231,52941,45060,0,-33.4,-3.6,18,38.1,28.2,186.1
2003,10,29,1232,52941,45120,0,-33.6,-2.3,17.9,38.1,28,183.9
2003,10,29,1233,52941,45180,0,-32.9,0.1,17.4,37.3,27.9,179.8
2003,10,29,1234,52941,45240,0,-33.2,-3.4,16.9,37.4,26.9,185.8
2003,10,29,1235,52941,45300,0,-32.7,-3.5,16.7,36.9,27,186.1
2003,10,29,1236,52941,45360,0,-33,-3.4,16.5,37,26.4,185.9
2003,10,29,1237,52941,45420,0,-33.1,-4.4,15.4,36.8,24.7,187.5
2003,10,29,1238,52941,45480,0,-33.4,-8,13.8,37,22,193.5
2003,10,29,1239,52941,45540,0,-34.7,-5.1,13.7,37.6,21.3,188.3
2003,10,29,1240,52941,45600,0,-36.4,-1.7,12.6,38.5,19.1,182.7
2003,10,29,1241,52941,45660,0,-36.4,1,11.2,38.1,17.1,178.4
2003,10,29,1242,52941,45720,0,-37.1,1.7,10.3,38.6,15.5,177.3
2003,10,29,1243,52941,45780,0,-37.6,3,10.9,39.2,16.1,175.4
2003,10,29,1244,52941,45840,0,-37.8,5.2,10.5,39.6,15.3,172.1
2003,10,29,1245,52941,45900,0,-37.9,4.8,9.5,39.4,14,172.8
2003,10,29,1246,52941,45960,0,-37.7,-0.3,10.8,39.2,16,180.5
2003,10,29,1247,52941,46020,0,-35.9,-6.2,13.3,38.7,20,189.9
2003,10,29,1248,52941,46080,0,-36.1,-5.3,12,38.4,18.2,188.3
2003,10,29,1249,52941,46140,0,-36.6,-5.5,11.1,38.6,16.7,188.5
2003,10,29,1250,52941,46200,0,-37.1,-5.5,10.8,39,16.1,188.4
2003,10,29,1251,52941,46260,0,-37.4,-6.3,10.8,39.4,15.9,189.5
2003,10,29,1252,52941,46320,0,-37.6,-4.6,10.5,39.3,15.4,186.9
2003,10,29,1253,52941,46380,0,-37.6,-3.7,9.4,38.9,13.9,185.6
2003,10,29,1254,52941,46440,0,-36.7,-5.6,10.3,38.5,15.5,188.8
2003,10,29,1255,52941,46500,0,-36.3,-6.4,10.8,38.4,16.4,190.1
2003,10,29,1256,52941,46560,0,-36.1,-5.3,11.3,38.2,17.2,188.3
2003,10,29,1257,52941,46620,0,-36.6,-4,10.4,38.2,15.8,186.3
2003,10,29,1258,52941,46680,0,-36.5,-6.1,13.9,39.5,20.5,189.4
2003,10,29,1259,52941,46740,0,-36.5,-6.7,13,39.4,19.3,190.5
2003,10,29,1300,52941,46800,0,-36.6,-7.6,10.2,38.8,15.3,191.7
2003,10,29,1301,52941,46860,0,-35.7,-8.9,14.3,39.5,21.2,194
2003,10,29,1302,52941,46920,0,-35.8,-7.6,14.5,39.4,21.7,192.1
2003,10,29,1303,52941,46980,0,-36.6,-3.9,12.9,39,19.3,186
2003,10,29,1304,52941,47040,0,-36.6,-3.5,14.7,39.6,21.7,185.5
2003,10,29,1305,52941,47100,0,-34.8,-5.2,13.9,37.8,21.6,188.5
2003,10,29,1306,52941,47160,0,-34.4,-4.4,14.5,37.6,22.6,187.3
2003,10,29,1307,52941,47220,0,-35.6,-2.9,14.8,38.6,22.5,184.6
2003,10,29,1308,52941,47280,0,-36.3,-3.3,14.9,39.4,22.3,185.2
2003,10,29,1309,52941,47340,0,-36.8,0.7,15.2,39.8,22.4,178.9
2003,10,29,1310,52941,47400,0,-36.1,-1.6,15.1,39.2,22.6,182.6
2003,10,29,1311,52941,47460,0,-36.8,-1.1,15.1,39.8,22.3,181.8
2003,10,29,1312,52941,47520,0,-37.4,-0.9,14.6,40.1,21.4,181.4
2003,10,29,1313,52941,47580,0,-37.4,-0.7,15.1,40.4,22,181.1
2003,10,29,1314,52941,47640,0,-37,-0.5,14.9,39.9,21.9,180.8
2003,10,29,1315,52941,47700,0,-36.7,-0.3,15,39.7,22.2,180.4
2003,10,29,1316,52941,47760,0,-36.3,-1,15.6,39.5,23.2,181.5
2003,10,29,1317,52941,47820,0,-36.8,0.7,14.2,39.5,21,178.9
2003,10,29,1318,52941,47880,0,-37,0.2,14.4,39.7,21.3,179.6
2003,10,29,1319,52941,47940,0,-37.7,-1.9,12.8,39.8,18.8,182.9
2003,10,29,1320,52941,48000,0,-37.9,-3.7,13.5,40.5,19.6,185.6
2003,10,29,1321,52941,48060,0,-36.8,-3.7,14.9,39.9,21.9,185.8
2003,10,29,1322,52941,48120,0,-37.2,-4.5,14.2,40.1,20.8,186.9
2003,10,29,1323,52941,48180,0,-36.4,-6.8,14.3,39.7,21.2,190.6
2003,10,29,1324,52941,48240,0,-36.7,-5.8,14,39.7,20.6,189
2003,10,29,1325,52941,48300,0,-38.2,-0.8,12,40,17.4,181.2
2003,10,29,1326,52941,48360,0,-37.6,-2.2,13.8,40.1,20.2,183.4
2003,10,29,1327,52941,48420,0,-38,-0.7,12.3,40,18,181.1
2003,10,29,1328,52941,48480,0,-38.5,0.3,10.9,40,15.8,179.5
2003,10,29,1329,52941,48540,0,-39.1,0.8,10.1,40.4,14.5,178.8
2003,10,29,1330,52941,48600,0,-38.5,3.5,9.3,39.7,13.5,174.9
2003,10,29,1331,52941,48660,0,-36.4,-11.4,12.3,40.1,17.9,197.4
2003,10,29,1332,52941,48720,0,-36.6,-10,12.2,39.9,17.9,195.2
2003,10,29,1333,52941,48780,0,-37.2,-9,12,40.1,17.3,193.6
2003,10,29,1334,52941,48840,0,-37.8,-9.8,11.4,40.7,16.3,194.5
2003,10,29,1335,52941,48900,0,-37.3,-9.4,13.1,40.7,18.8,194.1
2003,10,29,1336,52941,48960,0,-36,-10.4,14.3,40.1,20.8,196.1
2003,10,29,1337,52941,49020,0,-36.1,-10.9,12.1,39.6,17.8,196.8
2003,10,29,1338,52941,49080,0,-37,-7.8,11.6,39.6,17,192
2003,10,29,1339,52941,49140,0,-37.9,-5.9,9.8,39.6,14.4,188.9
2003,10,29,1340,52941,49200,0,-35.8,-10.7,11.6,39.1,17.3,196.6
2003,10,29,1341,52941,49260,0,-37.1,-7.3,10.8,39.3,15.9,191.1
2003,10,29,1342,52941,49320,0,-35.9,-11,13,39.7,19.1,197.1
2003,10,29,1343,52941,49380,0,-37.1,-7.9,11.7,39.6,17.2,192
2003,10,29,1344,52941,49440,0,-35.4,-9.3,13.1,38.9,19.7,194.8
2003,10,29,1345,52941,49500,0,-36.8,-4.4,9.8,38.4,14.8,186.8
2003,10,29,1346,52941,49560,0,-35.3,-10.1,11,38.3,16.6,196
2003,10,29,1347,52941,49620,0,-33.5,-16.1,9.8,38.5,14.8,205.7
2003,10,29,1348,52941,49680,0,-36.8,-11.2,10,39.8,14.5,196.9
2003,10,29,1349,52941,49740,0,-36.9,-13.8,10,40.6,14.3,200.6
2003,10,29,1350,52941,49800,0,-34.9,-17.3,10.5,40.4,15,206.3
2003,10,29,1351,52941,49860,0,-35.4,-15.1,9.6,39.7,14,203.1
2003,10,29,1352,52941,49920,0,-35,-16.6,10.9,40.2,15.7,205.4
2003,10,29,1353,52941,49980,0,-34.9,-19.5,11.4,41.5,15.9,209.2
2003,10,29,1354,52941,50040,0,-40.1,-9.7,10.5,42.6,14.2,193.6
2003,10,29,1355,52941,50100,0,-40.2,-10.1,12.1,43.2,16.2,194.1
2003,10,29,1356,52941,50160,0,-40.9,-10.1,10.4,43.4,13.9,193.9
2003,10,29,1357,52941,50220,0,-40.9,-10.8,10,43.5,13.3,194.7
2003,10,29,1358,52941,50280,0,-40.5,-11.5,10.3,43.3,13.8,195.9
2003,10,29,1359,52941,50340,0,-40.1,-12,11,43.3,14.7,196.7
2003,10,29,1400,52941,50400,0,-39.8,-12.3,11.5,43.2,15.5,197.2
2003,10,29,1401,52941,50460,0,-40.3,-12.8,8.9,43.2,11.9,197.6
2003,10,29,1402,52941,50520,0,-40.3,-13.7,6.4,43.1,8.5,198.8
2003,10,29,1403,52941,50580,0,-40,-13.5,6.6,42.7,8.9,198.7
2003,10,29,1404,52941,50640,0,-38.7,-13,11.5,42.5,15.8,198.6
2003,10,29,1405,52941,50700,0,-38.8,-13.2,11.8,42.7,16.1,198.7
2003,10,29,1406,52941,50760,0,-37,-12.8,16.3,42.4,22.6,199.1
2003,10,29,1407,52941,50820,0,-37.2,-13,16.2,42.7,22.4,199.3
2003,10,29,1408,52941,50880,0,-37.6,-13.5,15.1,42.7,20.7,199.8
2003,10,29,1409,52941,50940,0,-37.5,-14.1,14.5,42.6,19.9,200.5
2003,10,29,1410,52941,51000,0,-38.4,-15.7,12.4,43.3,16.6,202.2
2003,10,29,1411,52941,51060,0,-37.9,-16.5,13.5,43.5,18.1,203.5
2003,10,29,1412,52941,51120,0,-37.7,-16.5,13.9,43.4,18.7,203.6
2003,10,29,1413,52941,51180,0,-37.7,-16.7,13.9,43.5,18.7,203.9
2003,10,29,1414,52941,51240,0,-37.7,-17.1,14.2,43.8,18.9,204.4
2003,10,29,1415,52941,51300,0,-37.6,-16.4,15.6,43.9,20.8,203.6
2003,10,29,1416,52941,51360,0,-37.5,-17.5,14.6,43.9,19.4,205
2003,10,29,1417,52941,51420,0,-37.7,-17.4,13.8,43.8,18.4,204.7
2003,10,29,1418,52941,51480,0,-38,-17,13.1,43.6,17.5,204.1
2003,10,29,1419,52941,51540,0,-37.9,-17.7,12.3,43.6,16.4,205.1
2003,10,29,1420,52941,51600,0,-37,-19,12,43.2,16.1,207.2
2003,10,29,1421,52941,51660,0,-38.1,-17.5,11.3,43.4,15,204.7
2003,10,29,1422,52941,51720,0,-37.6,-17.4,11.7,43.1,15.8,204.8
2003,10,29,1423,52941,51780,0,-37.7,-16.9,11.6,42.9,15.7,204.1
2003,10,29,1424,52941,51840,0,-38.2,-16.9,9.6,42.8,13,203.8
2003,10,29,1425,52941,51900,0,-38.9,-16.5,7.7,43,10.3,203
2003,10,29,1426,52941,51960,0,-38.9,-17.2,7.5,43.2,10,203.8
2003,10,29,1427,52941,52020,0,-39.3,-17.4,7.4,43.6,9.8,203.9
2003,10,29,1428,52941,52080,0,-38.9,-17.8,6.5,43.3,8.7,204.6
2003,10,29,1429,52941,52140,0,-37.9,-18.7,9.7,43.4,12.9,206.2
2003,10,29,1430,52941,52200,0,-38,-18.7,10.5,43.7,14,206.2
2003,10,29,1431,52941,52260,0,-37.8,-19.2,11,43.8,14.6,206.9
2003,10,29,1432,52941,52320,0,-38.5,-18.3,6.5,43.1,8.7,205.4
2003,10,29,1433,52941,52380,0,-38.1,-19,6.4,43,8.5,206.6
2003,10,29,1434,52941,52440,0,-37.8,-19.6,3.7,42.8,5,207.4
2003,10,29,1435,52941,52500,0,-33.9,-17.2,11.8,39.8,17.2,206.9
2003,10,29,1436,52941,52560,0,-33.2,-16.3,19.8,41.9,28.1,206.1
2003,10,29,1437,52941,52620,0,-31.2,-18.2,19.7,41.2,28.7,210.3
2003,10,29,1438,52941,52680,0,-32.3,-19.3,18.8,42.1,26.5,210.9
2003,10,29,1439,52941,52740,0,-31.8,-20.5,17.2,41.6,24.5,212.8
2003,10,29,1440,52941,52800,0,-30.9,-20,18.5,41.2,26.7,212.8
2003,10,29,1441,52941,52860,0,-32.3,-20.5,17.3,42,24.3,212.4
2003,10,29,1442,52941,52920,0,-32.3,-20.9,17.7,42.3,24.8,212.9
2003,10,29,1443,52941,52980,0,-32.1,-20.7,17.4,42,24.5,212.8
2003,10,29,1444,52941,53040,0,-33.3,-20.6,16.1,42.4,22.3,211.7
2003,10,29,1445,52941,53100,0,-33.3,-19.6,17.8,42.5,24.8,210.6
2003,10,29,1446,52941,53160,0,-36.2,-20.3,18.6,45.5,24.1,209.4
2003,10,29,1447,52941,53220,0,-36.5,-21,16.8,45.4,21.7,209.9
2003,10,29,1448,52941,53280,0,-36.5,-22.6,16.1,45.8,20.5,211.7
2003,10,29,1449,52941,53340,0,-35.7,-25.4,15.4,46.5,19.3,215.5
2003,10,29,1450,52941,53400,0,-35.8,-26.2,13.7,46.5,17.1,216.2
2003,10,29,1451,52941,53460,0,-35.2,-26.2,15.4,46.5,19.4,216.7
2003,10,29,1452,52941,53520,0,-34.8,-25,19.2,47,24.1,215.7
2003,10,29,1453,52941,53580,0,-36.7,-25.5,14.3,46.9,17.8,214.7
2003,10,29,1454,52941,53640,0,-38.9,-23.1,12.7,47,15.7,210.7
2003,10,29,1455,52941,53700,0,-39.7,-21.4,12.8,46.9,15.9,208.3
2003,10,29,1456,52941,53760,0,-39.5,-22,12.4,46.9,15.4,209.1
2003,10,29,1457,52941,53820,0,-37.6,-24.7,13.6,47,16.8,213.3
2003,10,29,1458,52941,53880,0,-36.7,-25.7,13.8,46.9,17.1,214.9
2003,10,29,1459,52941,53940,0,-37.1,-25.3,13.2,46.8,16.4,214.2
2003,10,29,1500,52941,54000,0,-37.1,-25.4,13.1,46.8,16.3,214.4
2003,10,29,1501,52941,54060,0,-34.4,-27.6,15.1,46.6,18.9,218.7
2003,10,29,1502,52941,54120,0,-33.9,-28.5,14.9,46.7,18.5,220.1
2003,10,29,1503,52941,54180,0,-34.4,-28.7,13.2,46.7,16.4,219.9
2003,10,29,1504,52941,54240,0,-34.7,-29,12.6,47,15.6,219.9
2003,10,29,1505,52941,54300,0,-33.6,-29.2,14.7,46.8,18.2,221
2003,10,29,1506,52941,54360,0,-32.8,-29.9,14.5,46.7,18.1,222.4
2003,10,29,1507,52941,54420,0,-32.9,-29.4,15.4,46.7,19.2,221.8
2003,10,29,1508,52941,54480,0,-34.3,-29.1,14.1,47.1,17.4,220.3
2003,10,29,1509,52941,54540,0,-33.9,-29.6,14.1,47.2,17.4,221.1
2003,10,29,1510,52941,54600,0,-34.2,-29.7,13.6,47.3,16.7,221
2003,10,29,1511,52941,54660,0,-33.5,-30.7,13.5,47.4,16.6,222.5
2003,10,29,1512,52941,54720,0,-34.2,-29.6,13.9,47.3,17.1,220.9
2003,10,29,1513,52941,54780,0,-35.9,-27.7,13.2,47.2,16.2,217.7
2003,10,29,1514,52941,54840,0,-35.9,-27.3,13.6,47.1,16.7,217.3
2003,10,29,1515,52941,54900,0,-36.3,-26.7,13.6,47.1,16.8,216.3
2003,10,29,1516,52941,54960,0,-36.5,-27,12.2,47.1,15.1,216.5
2003,10,29,1517,52941,55020,0,-35.3,-28.6,12.4,47.1,15.3,219
2003,10,29,1518,52941,55080,0,-34,-31.2,10.3,47.3,12.6,222.6
2003,10,29,1519,52941,55140,0,-33.9,-31.4,10.4,47.4,12.7,222.8
2003,10,29,1520,52941,55200,0,-38.5,-17.9,17.9,46.1,22.9,204.9
2003,10,29,1521,52941,55260,0,-37.3,-20.4,17.2,45.8,22,208.6
2003,10,29,1522,52941,55320,0,-38.4,-17.1,18.4,45.9,23.7,204
2003,10,29,1523,52941,55380,0,-35.5,-24.2,17.8,46.5,22.5,214.3
2003,10,29,1524,52941,55440,0,-33.9,-27.4,16.9,46.7,21.2,218.9
2003,10,29,1525,52941,55500,0,-34,-26.5,18.4,46.9,23.1,217.9
2003,10,29,1526,52941,55560,0,-34,-25.5,19.5,46.8,24.6,216.9
2003,10,29,1527,52941,55620,0,-34.9,-24.6,19.2,46.8,24.3,215.1
2003,10,29,1528,52941,55680,0,-35.4,-25.2,17.6,46.8,22,215.4
2003,10,29,1529,52941,55740,0,-35.5,-25.8,17,47,21.2,216
2003,10,29,1530,52941,55800,0,-35.8,-25,16.5,46.7,20.7,214.9
2003,10,29,1531,52941,55860,0,-35.5,-23.9,17.9,46.3,22.7,214
2003,10,29,1532,52941,55920,0,-34.2,-20.6,21.5,45.4,28.3,211.1
2003,10,29,1533,52941,55980,0,-34.9,-19.4,22.4,45.8,29.2,209.1
2003,10,29,1534,52941,56040,0,-34.5,-21.9,20.8,45.8,26.9,212.3
2003,10,29,1535,52941,56100,0,-34.9,-22.2,20.3,46.1,26.2,212.5
2003,10,29,1536,52941,56160,0,-34.5,-24.1,18.8,46.1,24.1,215
2003,10,29,1537,52941,56220,0,-34.3,-23.7,19.3,45.9,24.8,214.7
2003,10,29,1538,52941,56280,0,-34.7,-23.2,19.4,46,25,213.8
2003,10,29,1539,52941,56340,0,-34.1,-22.8,20.2,45.7,26.2,213.8
2003,10,29,1540,52941,56400,0,-34.7,-18,18.5,43.3,25.3,207.4
2003,10,29,1541,52941,56460,0,-33.6,-23.3,21.3,46.1,27.5,214.7
2003,10,29,1542,52941,56520,0,-34.1,-22,21.8,46.1,28.2,212.8
2003,10,29,1543,52941,56580,0,-33.2,-22.8,23.2,46.5,30,214.4
2003,10,29,1544,52941,56640,0,-32.7,-21.9,25.3,46.8,32.7,213.8
2003,10,29,1545,52941,56700,0,-32.6,-21.5,24.1,45.9,31.7,213.4
2003,10,29,1546,52941,56760,0,-34.7,-20.8,19.4,44.9,25.7,210.9
2003,10,29,1547,52941,56820,0,-33.3,-27.7,19,47.4,23.7,219.7
2003,10,29,1548,52941,56880,0,-33.2,-27.1,20.1,47.3,25.1,219.2
2003,10,29,1549,52941,56940,0,-33.1,-26.6,20.8,47.2,26.1,218.8
2003,10,29,1550,52941,57000,0,-33.4,-26.5,20.8,47.4,26,218.4
2003,10,29,1551,52941,57060,0,-33.9,-26,20.4,47.3,25.5,217.4
2003,10,29,1552,52941,57120,0,-32.9,-27.9,20.3,47.7,25.2,220.3
2003,10,29,1553,52941,57180,0,-34.3,-25.1,21.7,47.7,27,216.2
2003,10,29,1554,52941,57240,0,-34.5,-22.9,23.9,47.8,29.9,213.6
2003,10,29,1555,52941,57300,0,-35,-23.1,22.9,47.8,28.7,213.5
2003,10,29,1556,52941,57360,0,-36.1,-21.9,22.6,47.9,28.2,211.3
2003,10,29,1557,52941,57420,0,-35.9,-23,22.3,48.1,27.6,212.6
2003,10,29,1558,52941,57480,0,-35.1,-24.2,22.6,48.2,27.9,214.6
2003,10,29,1559,52941,57540,0,-34.9,-24.9,22.2,48.3,27.4,215.5
2003,10,29,1600,52941,57600,0,-35.6,-24,22.3,48.3,27.4,214
2003,10,29,1601,52941,57660,0,-36.4,-23.6,21.2,48.4,26.1,213
2003,10,29,1602,52941,57720,0,-35.9,-24.9,20.5,48.3,25.1,214.8
2003,10,29,1603,52941,57780,0,-36.3,-23.8,20.8,48.1,25.6,213.3
2003,10,29,1604,52941,57840,0,-35.8,-24.1,20.5,47.8,25.4,214
2003,10,29,1605,52941,57900,0,-36.3,-23.9,19.2,47.5,23.8,213.4
2003,10,29,1606,52941,57960,0,-37,-24.3,16.9,47.4,20.9,213.3
2003,10,29,1607,52941,58020,0,-36.5,-26.4,14.5,47.3,17.8,215.9
2003,10,29,1608,52941,58080,0,-37.7,-26.2,11.4,47.3,13.9,214.8
2003,10,29,1609,52941,58140,0,-38.4,-26.5,9.7,47.6,11.8,214.6
2003,10,29,1610,52941,58200,0,-38,-26.7,9.7,47.4,11.8,215.1
2003,10,29,1611,52941,58260,0,-37.5,-27.7,9,47.5,10.9,216.4
2003,10,29,1612,52941,58320,0,-37.4,-27.8,9.7,47.6,11.7,216.6
2003,10,29,1613,52941,58380,0,-37.5,-27.5,9.4,47.4,11.4,216.2
2003,10,29,1614,52941,58440,0,-37.8,-27.2,8.7,47.3,10.6,215.7
2003,10,29,1615,52941,58500,0,-37.8,-27.3,8.4,47.4,10.2,215.8
2003,10,29,1616,52941,58560,0,-37.6,-27.9,7.5,47.4,9.1,216.6
2003,10,29,1617,52941,58620,0,-37.9,-27.9,7,47.6,8.5,216.4
2003,10,29,1618,52941,58680,0,-38.4,-27.9,7.3,48,8.8,216
2003,10,29,1619,52941,58740,0,-38,-28.5,6.2,47.9,7.5,216.8
2003,10,29,1620,52941,58800,0,-37.9,-28.4,6.4,47.8,7.7,216.8
2003,10,29,1621,52941,58860,0,-38.3,-28,5.9,47.8,7.1,216.2
2003,10,29,1622,52941,58920,0,-38.2,-27.9,5.7,47.7,6.9,216.2
2003,10,29,1623,52941,58980,0,-38.1,-27.8,4.9,47.5,5.9,216.1
2003,10,29,1624,52941,59040,0,-38.5,-27.3,3.8,47.3,4.6,215.3
2003,10,29,1625,52941,59100,0,-37.9,-27.8,4.1,47.1,5,216.3
2003,10,29,1626,52941,59160,0,-39.1,-25.9,3.2,47,3.9,213.5
2003,10,29,1627,52941,59220,0,-38.3,-26.7,2.7,46.8,3.3,214.9
2003,10,29,1628,52941,59280,0,-37.1,-28.4,0.7,46.7,0.8,217.5
2003,10,29,1629,52941,59340,0,-37.5,-28,0.5,46.8,0.6,216.7
2003,10,29,1630,52941,59400,0,-37.6,-27.9,-0.4,46.8,-0.4,216.6
2003,10,29,1631,52941,59460,0,-37.3,-27.7,-1.4,46.4,-1.8,216.6
2003,10,29,1632,52941,59520,0,-35.7,-28.2,-3.3,45.6,-4.2,218.3
2003,10,29,1633,52941,59580,0,-37,-27.5,-2.3,46.2,-2.9,216.6
2003,10,29,1634,52941,59640,0,-37.8,-26.2,-1.2,46,-1.4,214.8
2003,10,29,1635,52941,59700,0,-36.8,-26.7,-2.8,45.5,-3.5,216
2003,10,29,1636,52941,59760,0,-36.4,-26.7,-2.2,45.2,-2.8,216.3
2003,10,29,1637,52941,59820,0,-36.6,-25.4,0.3,44.6,0.3,214.8
2003,10,29,1638,52941,59880,0,-36.6,-24.8,1.7,44.2,2.2,214.1
2003,10,29,1639,52941,59940,0,-36.9,-23.8,2.9,44,3.8,212.9
2003,10,29,1640,52941,60000,0,-36.6,-23,7.7,43.9,10.1,212.1
2003,10,29,1641,52941,60060,0,-36.5,-23,5.6,43.5,7.4,212.2
2003,10,29,1642,52941,60120,0,-37.3,-22.7,2.6,43.7,3.4,211.4
2003,10,29,1643,52941,60180,0,-37.3,-22.4,8.2,44.2,10.7,211
2003,10,29,1644,52941,60240,0,-37,-22.1,11.1,44.5,14.5,210.9
2003,10,29,1645,52941,60300,0,-37.6,-22.1,8.9,44.5,11.6,210.4
2003,10,29,1646,52941,60360,0,-38.4,-21,6.4,44.3,8.3,208.7
2003,10,29,1647,52941,60420,0,-37.3,-19.7,12.1,43.9,16,207.8
2003,10,29,1648,52941,60480,0,-37,-19.4,13.7,44,18.2,207.7
2003,10,29,1649,52941,60540,0,-36.9,-19.7,13.5,43.9,17.9,208.1
2003,10,29,1650,52941,60600,0,-37,-21.1,9.4,43.6,12.5,209.7
2003,10,29,1651,52941,60660,0,-36.5,-19.4,14.6,43.8,19.5,208
2003,10,29,1652,52941,60720,0,-35.7,-18.7,16.9,43.7,22.8,207.7
2003,10,29,1653,52941,60780,0,-35.5,-18.6,17.9,43.9,24.1,207.6
2003,10,29,1654,52941,60840,0,-35.2,-18.7,18.1,43.8,24.4,208
2003,10,29,1655,52941,60900,0,-35,-18.5,18.8,43.8,25.5,207.8
2003,10,29,1656,52941,60960,0,-35.8,-17.2,18.7,43.9,25.2,205.7
2003,10,29,1657,52941,61020,0,-36.1,-19.5,16.1,44.1,21.4,208.4
2003,10,29,1658,52941,61080,0,-36.1,-19.5,16.3,44.2,21.7,208.4
2003,10,29,1659,52941,61140,0,-35.3,-19.8,18.2,44.4,24.3,209.3
2003,10,29,1700,52941,61200,0,-34.7,-20.7,18.8,44.6,24.9,210.8
2003,10,29,1701,52941,61260,0,-35.1,-22.1,16.5,44.6,21.7,212.2
2003,10,29,1702,52941,61320,0,-35.5,-22.8,14.6,44.6,19,212.7
2003,10,29,1703,52941,61380,0,-36.5,-23,12.2,44.8,15.8,212.2
2003,10,29,1704,52941,61440,0,-36.7,-22.6,11.8,44.6,15.3,211.6
2003,10,29,1705,52941,61500,0,-36.9,-22,11.5,44.5,15,210.8
2003,10,29,1706,52941,61560,0,-38,-21.2,9.2,44.5,11.9,209.2
2003,10,29,1707,52941,61620,0,-38.1,-21.6,8.3,44.6,10.7,209.6
2003,10,29,1708,52941,61680,0,-37.8,-20.9,11,44.6,14.3,209
2003,10,29,1709,52941,61740,0,-37.6,-20.9,11.5,44.5,14.9,209.1
2003,10,29,1710,52941,61800,0,-37.8,-20.7,11.1,44.5,14.4,208.8
2003,10,29,1711,52941,61860,0,-38,-20.4,11.3,44.6,14.7,208.3
2003,10,29,1712,52941,61920,0,-38,-21.3,9.5,44.6,12.3,209.3
2003,10,29,1713,52941,61980,0,-38.4,-21.6,7.6,44.7,9.8,209.4
2003,10,29,1714,52941,62040,0,-38.3,-22.4,6.8,44.9,8.8,210.4
2003,10,29,1715,52941,62100,0,-38.3,-22.4,7.6,45,9.7,210.3
2003,10,29,1716,52941,62160,0,-38,-22.7,7.6,44.9,9.7,210.8
2003,10,29,1717,52941,62220,0,-37.8,-22.9,7.4,44.8,9.4,211.2
2003,10,29,1718,52941,62280,0,-37.8,-22.6,7.6,44.7,9.8,210.8
2003,10,29,1719,52941,62340,0,-38,-22.4,7.7,44.8,10,210.5
2003,10,29,1720,52941,62400,0,-37.8,-23.3,7.2,44.9,9.3,211.6
2003,10,29,1721,52941,62460,0,-38,-22.6,7,44.8,9,210.8
2003,10,29,1722,52941,62520,0,-38.1,-22.6,7,44.9,9,210.7
2003,10,29,1723,52941,62580,0,-38.1,-23.3,5.9,45,7.5,211.4
2003,10,29,1724,52941,62640,0,-37.4,-23.4,8.6,45,11,212
2003,10,29,1725,52941,62700,0,-36.6,-23.8,11.2,45.1,14.3,213
2003,10,29,1726,52941,62760,0,-38.2,-22.7,6.8,44.9,8.8,210.8
2003,10,29,1727,52941,62820,0,-34.2,-26.3,11.7,44.7,15.1,217.5
2003,10,29,1728,52941,62880,0,-36.8,-24.5,6.9,44.8,8.9,213.7
2003,10,29,1729,52941,62940,0,-37.3,-24,5.5,44.7,7,212.7
2003,10,29,1730,52941,63000,0,-38,-22.2,-1.8,44.1,-2.4,210.3
2003,10,29,1731,52941,63060,0,-38.5,-22.4,-5,44.8,-6.5,210.2
2003,10,29,1732,52941,63120,0,-37.8,-23.8,-1.2,44.7,-1.6,212.2
2003,10,29,1733,52941,63180,0,-38.3,-22.7,-2.1,44.5,-2.6,210.7
2003,10,29,1734,52941,63240,0,-38.5,-22.5,-0.5,44.6,-0.6,210.3
2003,10,29,1735,52941,63300,0,-37,-23.1,4.1,43.8,5.3,212
2003,10,29,1736,52941,63360,0,-35,-25.1,13.1,45,16.9,215.7
2003,10,29,1737,52941,63420,0,-35.9,-25.4,10,45.1,12.8,215.3
2003,10,29,1738,52941,63480,0,-37,-25.4,7.8,45.6,9.9,214.4
2003,10,29,1739,52941,63540,0,-38.3,-25.2,8,46.5,9.9,213.4
2003,10,29,1740,52941,63600,0,-38.6,-24.8,5,46.2,6.3,212.7
2003,10,29,1741,52941,63660,0,-37.6,-25,9,46,11.3,213.6
2003,10,29,1742,52941,63720,0,-36.2,-25.1,13.5,46.1,17,214.7
2003,10,29,1743,52941,63780,0,-37.7,-26.1,5.3,46.2,6.6,214.7
2003,10,29,1744,52941,63840,0,-37.6,-26.6,1.2,46.1,1.5,215.3
2003,10,29,1745,52941,63900,0,-37.5,-21.9,14.7,45.9,18.6,210.3
2003,10,29,1746,52941,63960,0,-38,-24,12.9,46.8,16,212.3
2003,10,29,1747,52941,64020,0,-39,-26.1,10.3,48,12.4,213.8
2003,10,29,1748,52941,64080,0,-39.8,-24.7,9.3,47.8,11.2,211.9
2003,10,29,1749,52941,64140,0,-38.6,-24.6,7.7,46.4,9.6,212.5
2003,10,29,1750,52941,64200,0,-37.4,-22.6,6.3,44.2,8.2,211.1
2003,10,29,1751,52941,64260,0,-37.4,-23.2,4,44.2,5.3,211.8
2003,10,29,1752,52941,64320,0,-36.8,-24.6,-0.5,44.2,-0.7,213.7
2003,10,29,1753,52941,64380,0,-38.1,-21.9,-0.1,44,-0.1,209.9
2003,10,29,1754,52941,64440,0,-39,-20,0.9,43.8,1.2,207.1
2003,10,29,1755,52941,64500,0,-39.4,-19,-1.2,43.8,-1.6,205.7
2003,10,29,1756,52941,64560,0,-39.7,-18.7,-2.3,44,-3,205.2
2003,10,29,1757,52941,64620,0,-39.8,-18.1,-6.8,44.2,-8.8,204.5
2003,10,29,1758,52941,64680,0,-38.3,-19.7,-9.1,44.1,-12,207.2
2003,10,29,1759,52941,64740,0,-35.2,-17,-20.5,44.1,-27.7,205.8
2003,10,29,1800,52941,64800,0,-36.6,-15.6,-19.9,44.5,-26.6,203.1
2003,10,29,1801,52941,64860,0,-34.9,-14.4,-23.7,44.6,-32.1,202.4
2003,10,29,1802,52941,64920,0,-35.3,-14.8,-22.8,44.6,-30.8,202.8
2003,10,29,1803,52941,64980,0,-34.9,-17.2,-21.6,44.5,-29.1,206.2
2003,10,29,1804,52941,65040,0,-34.1,-16.4,-23.3,44.4,-31.6,205.7
2003,10,29,1805,52941,65100,0,-34,-15.7,-23,44,-31.6,204.8
2003,10,29,1806,52941,65160,0,-32.7,-14.2,-23.7,42.8,-33.6,203.4
2003,10,29,1807,52941,65220,0,-32.4,-13,-26.4,43.8,-37.1,201.9
2003,10,29,1808,52941,65280,0,-32.3,-12.2,-26.9,43.7,-37.9,200.8
2003,10,29,1809,52941,65340,0,-32,-10.9,-27.4,43.5,-39,198.8
2003,10,29,1810,52941,65400,0,-33.1,-11.5,-25.9,43.6,-36.5,199.2
2003,10,29,1811,52941,65460,0,-32.5,-10.4,-26.7,43.3,-38.1,197.8
2003,10,29,1812,52941,65520,0,-32.6,-12.1,-25.5,43.1,-36.3,200.4
2003,10,29,1813,52941,65580,0,-32.9,-12.5,-25.2,43.3,-35.6,200.9
2003,10,29,1814,52941,65640,0,-34,-13.2,-23.2,43.2,-32.5,201.2
2003,10,29,1815,52941,65700,0,-33.3,-14.3,-23.7,43.3,-33.2,203.2
2003,10,29,1816,52941,65760,0,-34.2,-14.8,-21.8,43.2,-30.4,203.4
2003,10,29,1817,52941,65820,0,-32.8,-13.9,-24.4,43.2,-34.4,202.9
2003,10,29,1818,52941,65880,0,-33.1,-14.9,-23.3,43.1,-32.7,204.3
2003,10,29,1819,52941,65940,0,-32.8,-14.8,-23.7,43.1,-33.3,204.3
2003,10,29,1820,52941,66000,0,-32.8,-15.3,-23.3,43,-32.8,205.1
2003,10,29,1821,52941,66060,0,-32.5,-16.4,-23.5,43.3,-32.8,206.7
2003,10,29,1822,52941,66120,0,-32.6,-15.2,-24,43.2,-33.7,205
2003,10,29,1823,52941,66180,0,-34.5,-14.9,-20.8,42.9,-28.9,203.4
2003,10,29,1824,52941,66240,0,-35,-11.8,-21.9,42.9,-30.7,198.7
2003,10,29,1825,52941,66300,0,-33.8,-10,-24.7,43,-35,196.6
2003,10,29,1826,52941,66360,0,-31.4,-10,-27.1,42.6,-39.4,197.7
2003,10,29,1827,52941,66420,0,-33.2,-8.8,-24.9,42.4,-36,194.9
2003,10,29,1828,52941,66480,0,-30.3,-11.5,-27.8,42.7,-40.6,200.8
2003,10,29,1829,52941,66540,0,-31.4,-9.9,-26.8,42.4,-39.1,197.6
2003,10,29,1830,52941,66600,0,-31.9,-12.7,-24.6,42.2,-35.6,201.8
2003,10,29,1831,52941,66660,0,-30.8,-20.2,-21.5,42.7,-30.3,213.3
2003,10,29,1832,52941,66720,0,-32,-15.8,-23,42.5,-32.8,206.4
2003,10,29,1833,52941,66780,0,-31.1,-13,-25.7,42.4,-37.3,202.7
2003,10,29,1834,52941,66840,0,-31.8,-10.4,-25.5,42.1,-37.3,198.2
2003,10,29,1835,52941,66900,0,-31.3,-15.4,-23.5,42.1,-33.9,206.2
2003,10,29,1836,52941,66960,0,-31,-14,-24.7,42.1,-36,204.3
2003,10,29,1837,52941,67020,0,-31.2,-15.1,-24,42.2,-34.7,205.8
2003,10,29,1838,52941,67080,0,-30.3,-13.1,-25.6,41.8,-37.8,203.5
2003,10,29,1839,52941,67140,0,-30.7,-10.8,-25.9,41.6,-38.5,199.3
2003,10,29,1840,52941,67200,0,-31.1,-9.7,-25.7,41.5,-38.2,197.4
2003,10,29,1841,52941,67260,0,-31.2,-8.7,-25.7,41.4,-38.5,195.6
2003,10,29,1842,52941,67320,0,-33.5,-8,-23.1,41.4,-33.8,193.5
2003,10,29,1843,52941,67380,0,-33.5,-5.7,-23.5,41.3,-34.7,189.6
2003,10,29,1844,52941,67440,0,-28.4,-10.8,-28,41.3,-42.8,200.8
2003,10,29,1845,52941,67500,0,-28,-11.5,-29,42,-43.8,202.2
2003,10,29,1846,52941,67560,0,-29.5,-10,-28.3,42.1,-42.3,198.8
2003,10,29,1847,52941,67620,0,-29.8,-10.3,-27.9,42.1,-41.5,199
2003,10,29,1848,52941,67680,0,-29.9,-5.3,-28.4,41.6,-43.1,190
2003,10,29,1849,52941,67740,0,-29.7,-5.2,-28.6,41.5,-43.5,189.9
2003,10,29,1850,52941,67800,0,-29.6,-8.9,-27.3,41.2,-41.4,196.8
2003,10,29,1851,52941,67860,0,-27,-16.4,-25,40.3,-38.3,211.3
2003,10,29,1852,52941,67920,0,-24.7,-20.5,-24.3,40.3,-37.1,219.7
2003,10,29,1853,52941,67980,0,-23.7,-20.2,-24.1,39.4,-37.7,220.4
2003,10,29,1854,52941,68040,0,-23.7,-16.9,-26.8,39.6,-42.6,215.4
2003,10,29,1855,52941,68100,0,-23.1,-14.1,-28.5,39.3,-46.5,211.4
2003,10,29,1856,52941,68160,0,-23.6,-13.3,-28.4,39.3,-46.3,209.3
2003,10,29,1857,52941,68220,0,-23.3,-13.9,-27.8,38.8,-45.7,210.7
2003,10,29,1858,52941,68280,0,-23.4,-14.8,-26.8,38.5,-44,212.2
2003,10,29,1859,52941,68340,0,-23.2,-16.6,-25.7,38.4,-42,215.6
2003,10,29,1900,52941,68400,0,-23.5,-17.6,-24.7,38.4,-40.1,216.8
2003,10,29,1901,52941,68460,0,-23.8,-17.1,-25,38.5,-40.5,215.7
2003,10,29,1902,52941,68520,0,-23.5,-15.5,-26.2,38.4,-42.9,213.4
2003,10,29,1903,52941,68580,0,-23.9,-11.8,-28.6,39.1,-47,206.2
2003,10,29,1904,52941,68640,0,-25.1,-11.4,-27.7,39.1,-45.2,204.3
2003,10,29,1905,52941,68700,0,-23.7,-7.9,-30.3,39.3,-50.5,198.4
2003,10,29,1906,52941,68760,0,-22.8,-4.9,-32.6,40.1,-54.4,192.1
2003,10,29,1907,52941,68820,0,-22.8,-6.6,-32.1,39.9,-53.6,196
2003,10,29,1908,52941,68880,0,-22.3,-7.9,-32,39.8,-53.5,199.4
2003,10,29,1909,52941,68940,0,-22.6,-5.9,-32.1,39.7,-53.9,194.7
2003,10,29,1910,52941,69000,0,-22.7,-8.3,-31.5,39.7,-52.6,200
2003,10,29,1911,52941,69060,0,-22.8,-9.7,-31.1,39.7,-51.5,203
2003,10,29,1912,52941,69120,0,-22.3,-11.5,-30.6,39.6,-50.7,207.2
2003,10,29,1913,52941,69180,0,-22.2,-12.1,-30.1,39.4,-50,208.7
2003,10,29,1914,52941,69240,0,-21.9,-12.2,-30.1,39.2,-50.1,209.1
2003,10,29,1915,52941,69300,0,-22.4,-10.8,-30.2,39.2,-50.6,205.7
2003,10,29,1916,52941,69360,9,-22.3826086956522,-10.6608695652174,-29.8652173913043,38.904347826087,-50.3130434782609,205.413043478261
2003,10,29,1917,52941,69420,9,-22.3652173913043,-10.5217391304348,-29.5304347826087,38.6086956521739,-50.0260869565217,205.126086956522
2003,10,29,1918,52941,69480,9,-22.3478260869565,-10.3826086956522,-29.195652173913,38.3130434782609,-49.7391304347826,204.839130434783
2003,10,29,1919,52941,69540,9,-22.3304347826087,-10.2434782608696,-28.8608695652174,38.0173913043478,-49.4521739130435,204.552173913043
2003,10,29,1920,52941,69600,9,-22.3130434782609,-10.104347826087,-28.5260869565217,37.7217391304348,-49.1652173913044,204.265217391304
2003,10,29,1921,52941,69660,9,-22.295652173913,-9.96521739130435,-28.1913043478261,37.4260869565217,-48.8782608695652,203.978260869565
2003,10,29,1922,52941,69720,9,-22.2782608695652,-9.82608695652174,-27.8565217391304,37.1304347826087,-48.5913043478261,203.691304347826
2003,10,29,1923,52941,69780,9,-22.2608695652174,-9.68695652173913,-27.5217391304348,36.8347826086957,-48.304347826087,203.404347826087
2003,10,29,1924,52941,69840,9,-22.2434782608696,-9.54782608695652,-27.1869565217391,36.5391304347826,-48.0173913043478,203.117391304348
2003,10,29,1925,52941,69900,9,-22.2260869565217,-9.40869565217391,-26.8521739130435,36.2434782608696,-47.7304347826087,202.830434782609
2003,10,29,1926,52941,69960,9,-22.2086956521739,-9.26956521739131,-26.5173913043478,35.9478260869565,-47.4434782608696,202.54347826087
2003,10,29,1927,52941,70020,9,-22.1913043478261,-9.1304347826087,-26.1826086956522,35.6521739130435,-47.1565217391304,202.25652173913
2003,10,29,1928,52941,70080,9,-22.1739130434783,-8.99130434782609,-25.8478260869565,35.3565217391304,-46.8695652173913,201.969565217391
2003,10,29,1929,52941,70140,9,-22.1565217391304,-8.85217391304348,-25.5130434782609,35.0608695652174,-46.5826086956522,201.682608695652
2003,10,29,1930,52941,70200,9,-22.1391304347826,-8.71304347826087,-25.1782608695652,34.7652173913043,-46.295652173913,201.395652173913
2003,10,29,1931,52941,70260,9,-22.1217391304348,-8.57391304347826,-24.8434782608696,34.4695652173913,-46.0086956521739,201.108695652174
2003,10,29,1932,52941,70320,9,-22.104347826087,-8.43478260869565,-24.5086956521739,34.1739130434783,-45.7217391304348,200.821739130435
2003,10,29,1933,52941,70380,9,-22.0869565217391,-8.29565217391304,-24.1739130434783,33.8782608695652,-45.4347826086957,200.534782608696
2003,10,29,1934,52941,70440,9,-22.0695652173913,-8.15652173913043,-23.8391304347826,33.5826086956522,-45.1478260869565,200.247826086957
2003,10,29,1935,52941,70500,9,-22.0521739130435,-8.01739130434783,-23.504347826087,33.2869565217391,-44.8608695652174,199.960869565217
2003,10,29,1936,52941,70560,9,-22.0347826086957,-7.87826086956522,-23.1695652173913,32.9913043478261,-44.5739130434783,199.673913043478
2003,10,29,1937,52941,70620,9,-22.0173913043478,-7.73913043478261,-22.8347826086957,32.695652173913,-44.2869565217391,199.386956521739
2003,10,29,1938,52941,70680,0,-22,-7.6,-22.5,32.4,-44,199.1
2003,10,29,1939,52941,70740,0,-22.1,-11.2,-27.3,36.9,-47.8,207
2003,10,29,1940,52941,70800,0,-21.7,-12.3,-27.2,36.9,-47.5,209.4
2003,10,29,1941,52941,70860,0,-22.1,-8.7,-27.4,36.2,-49.1,201.5
2003,10,29,1942,52941,70920,0,-21.4,-7,-27.5,35.6,-50.7,198
2003,10,29,1943,52941,70980,0,-20.9,-9,-27.2,35.5,-50.1,203.2
2003,10,29,1944,52941,71040,0,-20.3,-9.4,-26.9,35,-50.2,204.7
2003,10,29,1945,52941,71100,0,-20.3,-10.1,-26.5,34.9,-49.4,206.3
2003,10,29,1946,52941,71160,0,-20.3,-10.9,-26.1,34.9,-48.6,208.3
2003,10,29,1947,52941,71220,0,-19.8,-12.5,-25.5,34.6,-47.5,212.2
2003,10,29,1948,52941,71280,0,-19.6,-11.9,-25.5,34.3,-48,211.2
2003,10,29,1949,52941,71340,0,-20.1,-10.1,-25.8,34.3,-48.9,206.6
2003,10,29,1950,52941,71400,0,-19.8,-9.2,-25.7,33.8,-49.7,204.8
2003,10,29,1951,52941,71460,0,-19.6,-8.5,-25.9,33.6,-50.5,203.5
2003,10,29,1952,52941,71520,0,-19.5,-8.8,-26.8,34.3,-51.5,204.3
2003,10,29,1953,52941,71580,0,-19.6,-7.8,-26.8,34.1,-51.8,201.8
2003,10,29,1954,52941,71640,0,-19.2,-10.9,-25.5,33.7,-49.2,209.7
2003,10,29,1955,52941,71700,0,-18.2,-13.1,-25.3,33.8,-48.4,215.7
2003,10,29,1956,52941,71760,0,-18.8,-12.1,-25.4,33.8,-48.7,212.7
2003,10,29,1957,52941,71820,0,-19.5,-10.5,-25.7,34,-49.3,208.2
2003,10,29,1958,52941,71880,0,-19.7,-10.2,-25.6,33.9,-49.1,207.4
2003,10,29,1959,52941,71940,0,-19.2,-10.3,-25.6,33.7,-49.6,208.1
2003,10,29,2000,52941,72000,0,-18.7,-10.6,-25.3,33.2,-49.6,209.6
2003,10,29,2001,52941,72060,0,-19.2,-9.5,-25.2,33.1,-49.6,206.2
2003,10,29,2002,52941,72120,0,-17.5,-6.9,-26.8,32.7,-54.9,201.6
2003,10,29,2003,52941,72180,0,-19.1,-8.9,-25.6,33.2,-50.6,205.1
2003,10,29,2004,52941,72240,0,-18.6,-8.1,-25.9,32.9,-52,203.4
2003,10,29,2005,52941,72300,0,-19.4,-6.9,-25.2,32.5,-50.8,199.7
2003,10,29,2006,52941,72360,0,-17.5,-4.6,-27,32.5,-56.2,194.7
2003,10,29,2007,52941,72420,0,-17.3,-5.2,-26.6,32.2,-55.9,196.8
2003,10,29,2008,52941,72480,0,-14.5,-2,-28.6,32.2,-62.9,187.7
2003,10,29,2009,52941,72540,0,-16.2,-3.9,-28.2,32.8,-59.4,193.3
2003,10,29,2010,52941,72600,0,-18.6,-6.8,-28.6,34.8,-55.3,200.2
2003,10,29,2011,52941,72660,0,-18.3,-7,-28.3,34.5,-55.3,200.9
2003,10,29,2012,52941,72720,0,-18,-6.7,-28.3,34.2,-55.8,200.4
2003,10,29,2013,52941,72780,0,-15.5,-0.5,-30.3,34,-62.9,182
2003,10,29,2014,52941,72840,0,-15.6,0.2,-30,33.8,-62.5,179.3
2003,10,29,2015,52941,72900,0,-14,2.4,-30.5,33.7,-65,170.2
2003,10,29,2016,52941,72960,0,-12.4,1.6,-30.9,33.3,-68,172.8
2003,10,29,2017,52941,73020,0,-12.1,3.1,-31.1,33.5,-68.2,165.7
2003,10,29,2018,52941,73080,0,-10.8,2,-31.4,33.3,-70.7,169.6
2003,10,29,2019,52941,73140,0,-10.9,-0,-31.4,33.2,-70.9,180.2
2003,10,29,2020,52941,73200,0,-10.8,-2.9,-31.1,33,-70.3,195.1
2003,10,29,2021,52941,73260,0,-10.8,0.1,-30.7,32.6,-70.6,179.6
2003,10,29,2022,52941,73320,0,-11.5,-1.9,-30.6,32.7,-69.2,189.6
2003,10,29,2023,52941,73380,0,-11.4,-4,-30.3,32.6,-68.2,199.2
2003,10,29,2024,52941,73440,0,-10.1,-4.7,-30.7,32.6,-70,204.8
2003,10,29,2025,52941,73500,0,-9,-6.3,-30.7,32.6,-70.4,215
2003,10,29,2026,52941,73560,0,-8.7,-5.1,-30.8,32.4,-71.8,210.4
2003,10,29,2027,52941,73620,0,-6.3,-6.5,-30.5,31.8,-73.5,225.8
2003,10,29,2028,52941,73680,0,-6.2,-8.3,-30.5,32.2,-71.2,233.3
2003,10,29,2029,52941,73740,0,-6.4,-3.5,-30.6,31.5,-76.6,208.7
2003,10,29,2030,52941,73800,0,-9.3,-2.1,-29.4,30.9,-72,192.5
2003,10,29,2031,52941,73860,0,-6,4.6,-30.4,31.4,-76,143
2003,10,29,2032,52941,73920,0,-7,2.4,-30.7,31.5,-76.5,161
2003,10,29,2033,52941,73980,0,-7.1,2.9,-31,31.9,-76.1,158.1
2003,10,29,2034,52941,74040,0,-8,1.9,-30.7,31.7,-75.1,166.7
2003,10,29,2035,52941,74100,0,-10.9,-3.2,-29.5,31.6,-69,196.2
2003,10,29,2036,52941,74160,0,-10.2,-0.3,-29.8,31.5,-71.1,181.7
2003,10,29,2037,52941,74220,0,-9.2,-2,-29.9,31.3,-72.6,192.3
2003,10,29,2038,52941,74280,0,-8.1,-2.5,-30.3,31.4,-74.3,197.2
2003,10,29,2039,52941,74340,0,-10.4,-1,-29.6,31.4,-70.6,185.8
2003,10,29,2040,52941,74400,0,-13.9,-3.7,-27.7,31.2,-62.6,194.9
2003,10,29,2041,52941,74460,0,-12.4,-1.2,-28.4,31,-66.4,185.7
2003,10,29,2042,52941,74520,0,-13.2,-1.5,-28.3,31.2,-64.8,186.5
2003,10,29,2043,52941,74580,0,-10.1,2.1,-29.3,31.1,-70.6,168.5
2003,10,29,2044,52941,74640,0,-10,1.5,-29.2,30.9,-70.8,171.4
2003,10,29,2045,52941,74700,0,-11.2,-1,-28.8,30.9,-68.8,185.2
2003,10,29,2046,52941,74760,0,-10.9,-0.8,-28.8,30.8,-69.3,184.2
2003,10,29,2047,52941,74820,0,-9.1,1.4,-29.4,30.8,-72.6,171.2
2003,10,29,2048,52941,74880,0,-7.7,2.5,-29.8,30.9,-74.8,161.8
2003,10,29,2049,52941,74940,0,-7.8,1.5,-29.8,30.9,-75.1,169.5
2003,10,29,2050,52941,75000,0,-8.9,2,-29.4,30.8,-72.7,167.7
2003,10,29,2051,52941,75060,0,-8.3,1.5,-29.6,30.8,-74,169.6
2003,10,29,2052,52941,75120,0,-9,1.7,-29.3,30.7,-72.6,169.3
2003,10,29,2053,52941,75180,0,-10.7,3,-28.4,30.5,-68.7,164.1
2003,10,29,2054,52941,75240,0,-10.7,3.2,-28.3,30.4,-68.4,163.3
2003,10,29,2055,52941,75300,0,-10.9,2.7,-28.1,30.3,-68.2,166.2
2003,10,29,2056,52941,75360,0,-10.5,3.5,-28.1,30.2,-68.6,161.7
2003,10,29,2057,52941,75420,0,-8.7,5.1,-28.3,30.1,-70.4,149.4
2003,10,29,2058,52941,75480,0,-10.6,4.1,-28,30.2,-67.9,158.9
2003,10,29,2059,52941,75540,0,-11.6,3,-27.8,30.3,-66.8,165.6
2003,10,29,2100,52941,75600,0,-11.4,1.6,-28,30.3,-67.6,172.1
2003,10,29,2101,52941,75660,0,-11.3,2.3,-28,30.2,-67.7,168.4
2003,10,29,2102,52941,75720,0,-11.5,2.3,-27.8,30.1,-67.2,168.6
2003,10,29,2103,52941,75780,0,-12,2.7,-27.5,30.1,-65.8,167.3
2003,10,29,2104,52941,75840,0,-13.1,3.7,-26.8,30,-63.1,164.4
2003,10,29,2105,52941,75900,0,-12.4,2.9,-27.1,30,-64.9,167
2003,10,29,2106,52941,75960,0,-11,3.2,-27.7,30,-67.5,163.9
2003,10,29,2107,52941,76020,0,-12,4.4,-27.1,29.9,-64.8,159.9
2003,10,29,2108,52941,76080,0,-11.6,3.2,-27.5,30,-66.3,164.4
2003,10,29,2109,52941,76140,0,-11.4,2.7,-27.6,30,-67,166.7
2003,10,29,2110,52941,76200,0,-11.2,3.1,-27.6,29.9,-67.2,164.5
2003,10,29,2111,52941,76260,0,-11.4,3.6,-27.4,29.8,-66.4,162.5
2003,10,29,2112,52941,76320,0,-12.5,3.7,-26.7,29.8,-64,163.3
2003,10,29,2113,52941,76380,0,-13.3,3.5,-26.4,29.8,-62.4,165.4
2003,10,29,2114,52941,76440,0,-12.6,3.4,-26.6,29.7,-64,165
2003,10,29,2115,52941,76500,0,-11.8,4.7,-26.8,29.7,-64.6,158.2
2003,10,29,2116,52941,76560,0,-10.7,5.4,-27.1,29.7,-66.2,153.3
2003,10,29,2117,52941,76620,0,-11.6,4.1,-26.9,29.6,-65.5,160.4
2003,10,29,2118,52941,76680,0,-12.9,2.5,-26.6,29.6,-63.7,169.2
2003,10,29,2119,52941,76740,0,-12.5,2.6,-26.7,29.6,-64.4,168.3
2003,10,29,2120,52941,76800,0,-13.2,2.1,-26.3,29.4,-63.1,170.9
2003,10,29,2121,52941,76860,0,-13.5,2.5,-26,29.4,-62.2,169.4
2003,10,29,2122,52941,76920,0,-15.8,2.1,-24.5,29.2,-57,172.5
2003,10,29,2123,52941,76980,0,-14.9,2.6,-25,29.2,-58.8,170.2
2003,10,29,2124,52941,77040,0,-14.6,3.5,-25.1,29.2,-59.1,166.6
2003,10,29,2125,52941,77100,0,-13.9,3.9,-25.3,29.2,-60.3,164.4
2003,10,29,2126,52941,77160,0,-14.2,3.7,-25,29,-59.6,165.3
2003,10,29,2127,52941,77220,0,-12.2,3,-26.2,29.1,-64.4,166
2003,10,29,2128,52941,77280,0,-13.6,3.7,-25,28.7,-60.6,164.9
2003,10,29,2129,52941,77340,0,-13.5,4.3,-25.1,28.8,-60.6,162.3
2003,10,29,2130,52941,77400,0,-12.5,4.1,-25.7,28.9,-62.9,161.9
2003,10,29,2131,52941,77460,0,-11.7,3.7,-26.1,28.8,-64.7,162.6
2003,10,29,2132,52941,77520,0,-10.2,2.5,-26.9,28.9,-68.7,166.4
2003,10,29,2133,52941,77580,0,-10.2,2.7,-26.7,28.8,-68.5,165.1
2003,10,29,2134,52941,77640,0,-10.8,3,-26.3,28.6,-66.9,164.7
2003,10,29,2135,52941,77700,0,-9.1,0.8,-26.9,28.4,-71.4,174.9
2003,10,29,2136,52941,77760,0,-9.1,2.2,-26.7,28.3,-70.6,166.6
2003,10,29,2137,52941,77820,0,-9,1.2,-26.7,28.2,-71.3,172.3
2003,10,29,2138,52941,77880,0,-8.1,0.5,-26.7,27.9,-73.1,176.1
2003,10,29,2139,52941,77940,0,-7.4,0.1,-26.8,27.8,-74.7,179
2003,10,29,2140,52941,78000,9,-7.30172413793103,-0.0327586206896552,-26.7362068965517,27.7413793103448,-74.6431034482759,180.356896551724
2003,10,29,2141,52941,78060,9,-7.20344827586207,-0.16551724137931,-26.6724137931034,27.6827586206897,-74.5862068965517,181.713793103448
2003,10,29,2142,52941,78120,9,-7.1051724137931,-0.298275862068965,-26.6086206896552,27.6241379310345,-74.5293103448276,183.070689655172
2003,10,29,2143,52941,78180,9,-7.00689655172414,-0.431034482758621,-26.5448275862069,27.5655172413793,-74.4724137931034,184.427586206897
2003,10,29,2144,52941,78240,9,-6.90862068965517,-0.563793103448276,-26.4810344827586,27.5068965517241,-74.4155172413793,185.784482758621
2003,10,29,2145,52941,78300,9,-6.81034482758621,-0.696551724137931,-26.4172413793103,27.448275862069,-74.3586206896552,187.141379310345
2003,10,29,2146,52941,78360,9,-6.71206896551724,-0.829310344827586,-26.3534482758621,27.3896551724138,-74.301724137931,188.498275862069
2003,10,29,2147,52941,78420,9,-6.61379310344828,-0.962068965517241,-26.2896551724138,27.3310344827586,-74.2448275862069,189.855172413793
2003,10,29,2148,52941,78480,9,-6.51551724137931,-1.0948275862069,-26.2258620689655,27.2724137931034,-74.1879310344828,191.212068965517
2003,10,29,2149,52941,78540,9,-6.41724137931034,-1.22758620689655,-26.1620689655172,27.2137931034483,-74.1310344827586,192.568965517241
2003,10,29,2150,52941,78600,9,-6.31896551724138,-1.36034482758621,-26.098275862069,27.1551724137931,-74.0741379310345,193.925862068966
2003,10,29,2151,52941,78660,9,-6.22068965517241,-1.49310344827586,-26.0344827586207,27.0965517241379,-74.0172413793103,195.28275862069
2003,10,29,2152,52941,78720,9,-6.12241379310345,-1.62586206896552,-25.9706896551724,27.0379310344828,-73.9603448275862,196.639655172414
2003,10,29,2153,52941,78780,9,-6.02413793103448,-1.75862068965517,-25.9068965517241,26.9793103448276,-73.9034482758621,197.996551724138
2003,10,29,2154,52941,78840,9,-5.92586206896552,-1.89137931034483,-25.8431034482759,26.9206896551724,-73.8465517241379,199.353448275862
2003,10,29,2155,52941,78900,9,-5.82758620689655,-2.02413793103448,-25.7793103448276,26.8620689655172,-73.7896551724138,200.710344827586
2003,10,29,2156,52941,78960,9,-5.72931034482759,-2.15689655172414,-25.7155172413793,26.8034482758621,-73.7327586206897,202.06724137931
2003,10,29,2157,52941,79020,9,-5.63103448275862,-2.28965517241379,-25.651724137931,26.7448275862069,-73.6758620689655,203.424137931034
2003,10,29,2158,52941,79080,9,-5.53275862068966,-2.42241379310345,-25.5879310344828,26.6862068965517,-73.6189655172414,204.781034482759
2003,10,29,2159,52941,79140,9,-5.43448275862069,-2.5551724137931,-25.5241379310345,26.6275862068966,-73.5620689655172,206.137931034483
2003,10,29,2200,52941,79200,9,-5.33620689655172,-2.68793103448276,-25.4603448275862,26.5689655172414,-73.5051724137931,207.494827586207
2003,10,29,2201,52941,79260,9,-5.23793103448276,-2.82068965517241,-25.3965517241379,26.5103448275862,-73.448275862069,208.851724137931
2003,10,29,2202,52941,79320,9,-5.13965517241379,-2.95344827586207,-25.3327586206897,26.451724137931,-73.3913793103448,210.208620689655
2003,10,29,2203,52941,79380,9,-5.04137931034483,-3.08620689655172,-25.2689655172414,26.3931034482759,-73.3344827586207,211.565517241379
2003,10,29,2204,52941,79440,9,-4.94310344827586,-3.21896551724138,-25.2051724137931,26.3344827586207,-73.2775862068966,212.922413793103
2003,10,29,2205,52941,79500,9,-4.8448275862069,-3.35172413793103,-25.1413793103448,26.2758620689655,-73.2206896551724,214.279310344828
2003,10,29,2206,52941,79560,9,-4.74655172413793,-3.48448275862069,-25.0775862068966,26.2172413793103,-73.1637931034483,215.636206896552
2003,10,29,2207,52941,79620,9,-4.64827586206896,-3.61724137931034,-25.0137931034483,26.1586206896552,-73.1068965517241,216.993103448276
2003,10,29,2208,52941,79680,9,-4.55,-3.75,-24.95,26.1,-73.05,218.35
2003,10,29,2209,52941,79740,9,-4.45172413793103,-3.88275862068966,-24.8862068965517,26.0413793103448,-72.9931034482759,219.706896551724
2003,10,29,2210,52941,79800,9,-4.35344827586207,-4.01551724137931,-24.8224137931035,25.9827586206897,-72.9362068965517,221.063793103448
2003,10,29,2211,52941,79860,9,-4.2551724137931,-4.14827586206896,-24.7586206896552,25.9241379310345,-72.8793103448276,222.420689655172
2003,10,29,2212,52941,79920,9,-4.15689655172414,-4.28103448275862,-24.6948275862069,25.8655172413793,-72.8224137931035,223.777586206897
2003,10,29,2213,52941,79980,9,-4.05862068965517,-4.41379310344828,-24.6310344827586,25.8068965517241,-72.7655172413793,225.134482758621
2003,10,29,2214,52941,80040,9,-3.96034482758621,-4.54655172413793,-24.5672413793103,25.748275862069,-72.7086206896552,226.491379310345
2003,10,29,2215,52941,80100,9,-3.86206896551724,-4.67931034482759,-24.5034482758621,25.6896551724138,-72.651724137931,227.848275862069
2003,10,29,2216,52941,80160,9,-3.76379310344828,-4.81206896551724,-24.4396551724138,25.6310344827586,-72.5948275862069,229.205172413793
2003,10,29,2217,52941,80220,9,-3.66551724137931,-4.9448275862069,-24.3758620689655,25.5724137931034,-72.5379310344828,230.562068965517
2003,10,29,2218,52941,80280,9,-3.56724137931035,-5.07758620689655,-24.3120689655172,25.5137931034483,-72.4810344827586,231.918965517241
2003,10,29,2219,52941,80340,9,-3.46896551724138,-5.21034482758621,-24.248275862069,25.4551724137931,-72.4241379310345,233.275862068965
2003,10,29,2220,52941,80400,9,-3.37068965517241,-5.34310344827586,-24.1844827586207,25.3965517241379,-72.3672413793103,234.63275862069
2003,10,29,2221,52941,80460,9,-3.27241379310345,-5.47586206896552,-24.1206896551724,25.3379310344828,-72.3103448275862,235.989655172414
2003,10,29,2222,52941,80520,9,-3.17413793103448,-5.60862068965517,-24.0568965517241,25.2793103448276,-72.2534482758621,237.346551724138
2003,10,29,2223,52941,80580,9,-3.07586206896552,-5.74137931034483,-23.9931034482759,25.2206896551724,-72.1965517241379,238.703448275862
2003,10,29,2224,52941,80640,9,-2.97758620689655,-5.87413793103448,-23.9293103448276,25.1620689655172,-72.1396551724138,240.060344827586
2003,10,29,2225,52941,80700,9,-2.87931034482759,-6.00689655172414,-23.8655172413793,25.1034482758621,-72.0827586206897,241.41724137931
2003,10,29,2226,52941,80760,9,-2.78103448275862,-6.13965517241379,-23.801724137931,25.0448275862069,-72.0258620689655,242.774137931034
2003,10,29,2227,52941,80820,9,-2.68275862068965,-6.27241379310345,-23.7379310344828,24.9862068965517,-71.9689655172414,244.131034482759
2003,10,29,2228,52941,80880,9,-2.58448275862069,-6.4051724137931,-23.6741379310345,24.9275862068966,-71.9120689655172,245.487931034483
2003,10,29,2229,52941,80940,9,-2.48620689655172,-6.53793103448276,-23.6103448275862,24.8689655172414,-71.8551724137931,246.844827586207
2003,10,29,2230,52941,81000,9,-2.38793103448276,-6.67068965517241,-23.5465517241379,24.8103448275862,-71.798275862069,248.201724137931
2003,10,29,2231,52941,81060,9,-2.28965517241379,-6.80344827586207,-23.4827586206897,24.751724137931,-71.7413793103448,249.558620689655
2003,10,29,2232,52941,81120,9,-2.19137931034483,-6.93620689655172,-23.4189655172414,24.6931034482759,-71.6844827586207,250.915517241379
2003,10,29,2233,52941,81180,9,-2.09310344827586,-7.06896551724138,-23.3551724137931,24.6344827586207,-71.6275862068966,252.272413793103
2003,10,29,2234,52941,81240,9,-1.9948275862069,-7.20172413793103,-23.2913793103448,24.5758620689655,-71.5706896551724,253.629310344828
2003,10,29,2235,52941,81300,9,-1.89655172413793,-7.33448275862069,-23.2275862068966,24.5172413793103,-71.5137931034483,254.986206896552
2003,10,29,2236,52941,81360,9,-1.79827586206897,-7.46724137931034,-23.1637931034483,24.4586206896552,-71.4568965517242,256.343103448276
2003,10,29,2237,52941,81420,0,-1.7,-7.6,-23.1,24.4,-71.4,257.7
2003,10,29,2238,52941,81480,0,-2.1,-7.1,-24.1,25.2,-72.9,253.7
2003,10,29,2239,52941,81540,0,-3.1,-6.2,-24.2,25.1,-74.1,243.1
2003,10,29,2240,52941,81600,0,-2.3,-6.2,-24.3,25.2,-74.8,249.2
2003,10,29,2241,52941,81660,0,-1.2,-6,-23.9,24.7,-75.7,258.4
2003,10,29,2242,52941,81720,0,-2.3,-5.9,-23.6,24.4,-75.1,248.8
2003,10,29,2243,52941,81780,0,-2.8,-5.5,-23.7,24.4,-75.4,242.9
2003,10,29,2244,52941,81840,0,-3.3,-5,-23.6,24.4,-75.8,236.6
2003,10,29,2245,52941,81900,0,-9.4,0.9,-21.1,23.1,-65.8,174.6
2003,10,29,2246,52941,81960,0,-11.3,4.2,-19.9,23.3,-58.9,159.5
2003,10,29,2247,52941,82020,0,-10.7,2.3,-20.3,23.1,-61.8,167.9
2003,10,29,2248,52941,82080,0,-8.7,3.2,-21.1,23.1,-66.3,160.1
2003,10,29,2249,52941,82140,0,-8.1,1.9,-21.4,23,-68.7,166.6
2003,10,29,2250,52941,82200,0,-6.8,-0.2,-21.5,22.5,-72.4,181.9
2003,10,29,2251,52941,82260,0,-11.7,-4.2,-18.4,22.3,-56,199.8
2003,10,29,2252,52941,82320,0,-9.6,0.3,-20.6,22.7,-64.9,178
2003,10,29,2253,52941,82380,0,-9.8,0.1,-20.6,22.8,-64.5,179.1
2003,10,29,2254,52941,82440,0,-11.4,1.7,-19.7,22.8,-59.6,171.6
2003,10,29,2255,52941,82500,0,-9.5,-1.9,-20,22.2,-64.2,191.1
2003,10,29,2256,52941,82560,0,-15,3.6,-15.5,21.9,-45.3,166.4
2003,10,29,2257,52941,82620,0,-16.3,5.7,-14.2,22.3,-39.6,160.8
2003,10,29,2258,52941,82680,0,-12.2,1.5,-17.7,21.5,-55.2,172.9
2003,10,29,2259,52941,82740,0,-5.3,-1.7,-20.9,21.6,-75.1,197.7
2003,10,29,2300,52941,82800,0,-3.9,-4,-20.8,21.6,-75.1,225.8
2003,10,29,2301,52941,82860,0,-3.8,-2.8,-21.1,21.6,-77.3,216.2
2003,10,29,2302,52941,82920,0,-1.7,-5.2,-20.8,21.6,-75.3,251.4
2003,10,29,2303,52941,82980,0,-2.2,-5.1,-20.9,21.6,-75.1,246.3
2003,10,29,2304,52941,83040,0,-5.8,-1,-21,21.8,-74.3,189.5
2003,10,29,2305,52941,83100,0,-4.5,-3.8,-20.7,21.5,-74.2,220.4
2003,10,29,2306,52941,83160,0,-3.7,-4.4,-20.9,21.7,-74.7,230.1
2003,10,29,2307,52941,83220,0,-3.7,-5,-20.8,21.7,-73.3,233.4
2003,10,29,2308,52941,83280,0,-5.3,-2.7,-20.7,21.6,-74,207
2003,10,29,2309,52941,83340,0,-5.7,-2.2,-20.4,21.3,-73.3,200.6
2003,10,29,2310,52941,83400,0,-5.4,-2.4,-20.6,21.4,-74,204.2
2003,10,29,2311,52941,83460,0,-4.2,-3.3,-20.9,21.5,-75.6,217.8
2003,10,29,2312,52941,83520,0,-3.8,-3.2,-21.1,21.7,-76.7,219.8
2003,10,29,2313,52941,83580,0,-3.6,-3,-21,21.5,-77.4,219.7
2003,10,29,2314,52941,83640,0,-3.3,-2.7,-21,21.4,-78.5,218.5
2003,10,29,2315,52941,83700,0,-3.4,-3.4,-20.7,21.2,-76.9,224.5
2003,10,29,2316,52941,83760,0,-3.5,-2.8,-20.7,21.2,-77.7,219.1
2003,10,29,2317,52941,83820,0,-3.5,-3,-20.6,21.1,-77.3,220.5
2003,10,29,2318,52941,83880,0,-3.5,-3.2,-20.4,20.9,-76.9,223.1
2003,10,29,2319,52941,83940,0,-3.7,-2.8,-20.2,20.7,-77.1,217.1
2003,10,29,2320,52941,84000,0,-3,-3.2,-20.1,20.6,-77.7,227.7
2003,10,29,2321,52941,84060,0,-3.5,-2.7,-20,20.5,-77.6,217.2
2003,10,29,2322,52941,84120,0,-3.2,-2.5,-19.9,20.3,-78.4,218.2
2003,10,29,2323,52941,84180,0,-2.6,-3.2,-19.9,20.3,-78.3,231.3
2003,10,29,2324,52941,84240,0,-3.5,-2.4,-20.1,20.5,-77.9,214.8
2003,10,29,2325,52941,84300,0,-3.9,-2.2,-19.8,20.3,-77.2,209.1
2003,10,29,2326,52941,84360,0,-2.8,-2.4,-19.7,20.1,-79.4,221.2
2003,10,29,2327,52941,84420,0,-2.7,-2.3,-19.6,19.9,-79.8,220.4
2003,10,29,2328,52941,84480,0,-3.3,-2,-19.4,19.8,-78.9,210.9
2003,10,29,2329,52941,84540,0,-4,-2.3,-19.1,19.6,-76.4,209.7
2003,10,29,2330,52941,84600,0,-2.7,-2.3,-19.4,19.7,-79.7,220.2
2003,10,29,2331,52941,84660,0,-3.3,-2.1,-19.2,19.6,-78.5,212.1
2003,10,29,2332,52941,84720,0,-2.4,-3.5,-19.1,19.6,-77.4,235.8
2003,10,29,2333,52941,84780,0,-1.1,-4.8,-18.9,19.5,-75.3,257.2
2003,10,29,2334,52941,84840,0,-0.8,-6,-18.5,19.5,-71.8,262.7
2003,10,29,2335,52941,84900,0,-2.1,-3.9,-18.9,19.4,-76.7,241.8
2003,10,29,2336,52941,84960,0,-3,-4.4,-19.3,20,-74.4,235.5
2003,10,29,2337,52941,85020,0,-5.2,0.7,-20,20.7,-75.4,172.3
2003,10,29,2338,52941,85080,0,-4.1,-1.2,-20.2,20.7,-78,196.3
2003,10,29,2339,52941,85140,0,-3.9,-1.9,-20.6,21,-78,206.2
2003,10,29,2340,52941,85200,0,-4.2,-1,-20.8,21.3,-78.2,193.4
2003,10,29,2341,52941,85260,0,-3.5,-1.5,-21,21.3,-79.8,202.6
2003,10,29,2342,52941,85320,0,-3.3,-1.8,-21,21.3,-79.9,208.1
2003,10,29,2343,52941,85380,0,-3,-2.4,-21,21.3,-79.7,218.2
2003,10,29,2344,52941,85440,0,-1.7,-3.9,-20.2,20.6,-78.1,246.3
2003,10,29,2345,52941,85500,0,-2.2,-2.8,-20.1,20.4,-79.9,231.3
2003,10,29,2346,52941,85560,0,-2.5,-1.4,-19.9,20.1,-81.8,209.3
2003,10,29,2347,52941,85620,0,-3.4,1.6,-19.8,20.1,-79.2,155
2003,10,29,2348,52941,85680,0,-3.4,2.8,-19.6,20.1,-77.4,140.6
2003,10,29,2349,52941,85740,0,-3.5,1.8,-19.6,20,-78.7,153.6
2003,10,29,2350,52941,85800,0,-4.2,1.3,-19.3,19.8,-77.3,162.6
2003,10,29,2351,52941,85860,0,-5.6,1.7,-18.9,19.8,-72.7,162.7
2003,10,29,2352,52941,85920,0,-6.1,2.2,-18.6,19.7,-70.7,160.4
2003,10,29,2353,52941,85980,0,-7.5,2.1,-17.1,18.8,-65.4,164.5
2003,10,29,2354,52941,86040,0,-5.9,1.4,-17.6,18.7,-70.9,166.8
2003,10,29,2355,52941,86100,0,-5.2,2.6,-17.7,18.6,-71.8,153.9
2003,10,29,2356,52941,86160,0,-7.5,3,-16.3,18.2,-63.7,157.9
2003,10,29,2357,52941,86220,0,-7.7,2.9,-16.1,18,-62.9,159.6
2003,10,29,2358,52941,86280,0,-8.4,2.7,-15.7,18,-60.6,161.9
2003,10,29,2359,52941,86340,0,-8.5,3.3,-15.3,17.8,-59.4,158.6
